CUX1	CUX1-1	RUNX1	chr_p	start_p	end_p	id_p	chr_g	start_g	end_g	symbol_g	score_g	strand_g	id_g	dist	Peak_ID	Gene_Name	Motif_Group
0.0	0.0	1.0	chr1	8422359	8424920	1367	chr1	8352403	8917640	RERE	0	-	31654	0.0	chr1_8422359_8424920	RERE	GRN_CUX1
1.0	1.0	0.0	chr1	8540240	8541496	1392	chr1	8352403	8917640	RERE	0	-	31654	0.0	chr1_8540240_8541496	RERE	GRN_CUX1
1.0	1.0	0.0	chr1	8571658	8571866	1400	chr1	8352403	8917640	RERE	0	-	31654	0.0	chr1_8571658_8571866	RERE	GRN_CUX1
0.0	0.0	1.0	chr1	8598091	8599152	1407	chr1	8352403	8917640	RERE	0	-	31654	0.0	chr1_8598091_8599152	RERE	GRN_CUX1
0.0	0.0	1.0	chr1	8625451	8627151	1413	chr1	8352403	8917640	RERE	0	-	31654	0.0	chr1_8625451_8627151	RERE	GRN_CUX1
0.0	0.0	1.0	chr1	8651333	8653050	1419	chr1	8352403	8917640	RERE	0	-	31654	0.0	chr1_8651333_8653050	RERE	GRN_CUX1
0.0	0.0	1.0	chr1	8665908	8666181	1422	chr1	8352403	8917640	RERE	0	-	31654	0.0	chr1_8665908_8666181	RERE	GRN_CUX1
0.0	0.0	1.0	chr1	8685518	8686118	1430	chr1	8352403	8917640	RERE	0	-	31654	0.0	chr1_8685518_8686118	RERE	GRN_CUX1
0.0	0.0	1.0	chr1	8700998	8701768	1436	chr1	8352403	8917640	RERE	0	-	31654	0.0	chr1_8700998_8701768	RERE	GRN_CUX1
0.0	0.0	1.0	chr1	8712094	8713029	1440	chr1	8352403	8917640	RERE	0	-	31654	0.0	chr1_8712094_8713029	RERE	GRN_CUX1
0.0	0.0	1.0	chr1	8802209	8802654	1462	chr1	8352403	8917640	RERE	0	-	31654	0.0	chr1_8802209_8802654	RERE	GRN_CUX1
0.0	0.0	1.0	chr1	8822381	8823093	1469	chr1	8352403	8917640	RERE	0	-	31654	0.0	chr1_8822381_8823093	RERE	GRN_CUX1
0.0	0.0	1.0	chr1	8829323	8829973	1471	chr1	8352403	8917640	RERE	0	-	31654	6683.0	chr1_8829323_8829973	RERE	GRN_CUX1
1.0	0.0	0.0	chr1	8845250	8845840	1475	chr1	8352403	8917640	RERE	0	-	31654	22610.0	chr1_8845250_8845840	RERE	GRN_CUX1
0.0	0.0	1.0	chr1	8859000	8859896	1478	chr1	8352403	8917640	RERE	0	-	31654	36360.0	chr1_8859000_8859896	RERE	GRN_CUX1
0.0	0.0	1.0	chr1	11179563	11180117	1954	chr1	11106534	11373497	MTOR	0	-	27485	0.0	chr1_11179563_11180117	MTOR	GRN_RUNX1
0.0	0.0	1.0	chr1	11185503	11186288	1955	chr1	11106534	11373497	MTOR	0	-	27485	0.0	chr1_11185503_11186288	MTOR	GRN_RUNX1
0.0	0.0	1.0	chr1	11226576	11228918	1963	chr1	11106534	11373497	MTOR	0	-	27485	0.0	chr1_11226576_11228918	MTOR	GRN_RUNX1
0.0	0.0	1.0	chr1	11298739	11299253	1975	chr1	11106534	11373497	MTOR	0	-	27485	20242.0	chr1_11298739_11299253	MTOR	GRN_RUNX1
0.0	0.0	1.0	chr1	11318628	11319389	1980	chr1	11106534	11373497	MTOR	0	-	27485	40131.0	chr1_11318628_11319389	MTOR	GRN_RUNX1
0.0	0.0	1.0	chr1	29083837	29084426	5759	chr1	29081900	29281900	SRSF4	0	-	34848	63316.0	chr1_29083837_29084426	SRSF4	GRN_RUNX1
1.0	0.0	0.0	chr1	29124011	29125412	5763	chr1	29081900	29281900	SRSF4	0	-	34848	22330.0	chr1_29124011_29125412	SRSF4	GRN_RUNX1
0.0	0.0	1.0	chr1	29129870	29130186	5764	chr1	29081900	29281900	SRSF4	0	-	34848	17556.0	chr1_29129870_29130186	SRSF4	GRN_RUNX1
0.0	0.0	1.0	chr1	29162521	29162921	5768	chr1	29081900	29281900	SRSF4	0	-	34848	0.0	chr1_29162521_29162921	SRSF4	GRN_RUNX1
1.0	0.0	0.0	chr1	29179470	29180209	5772	chr1	29081900	29281900	SRSF4	0	-	34848	0.0	chr1_29179470_29180209	SRSF4	GRN_RUNX1
0.0	0.0	1.0	chr1	29180909	29182915	5773	chr1	29081900	29281900	SRSF4	0	-	34848	0.0	chr1_29180909_29182915	SRSF4	GRN_RUNX1
0.0	0.0	1.0	chr1	29216280	29218037	5779	chr1	29081900	29281900	SRSF4	0	-	34848	29380.0	chr1_29216280_29218037	SRSF4	GRN_RUNX1
0.0	0.0	1.0	chr1	29243546	29244161	5784	chr1	29081900	29281900	SRSF4	0	-	34848	56646.0	chr1_29243546_29244161	SRSF4	GRN_RUNX1
0.0	0.0	1.0	chr1	35180396	35181250	7045	chr1	35168693	35397462	ZMYM4	0	+	38153	82443.0	chr1_35180396_35181250	ZMYM4	GRN_RUNX1
0.0	0.0	1.0	chr1	35181967	35182548	7046	chr1	35168693	35397462	ZMYM4	0	+	38153	81145.0	chr1_35181967_35182548	ZMYM4	GRN_RUNX1
0.0	0.0	1.0	chr1	35264859	35265173	7065	chr1	35168693	35397462	ZMYM4	0	+	38153	0.0	chr1_35264859_35265173	ZMYM4	GRN_RUNX1
0.0	1.0	0.0	chr1	35268195	35270785	7066	chr1	35168693	35397462	ZMYM4	0	+	38153	0.0	chr1_35268195_35270785	ZMYM4	GRN_RUNX1
0.0	0.0	1.0	chr1	35278469	35279982	7067	chr1	35168693	35397462	ZMYM4	0	+	38153	0.0	chr1_35278469_35279982	ZMYM4	GRN_RUNX1
0.0	0.0	1.0	chr1	35286311	35286774	7068	chr1	35168693	35397462	ZMYM4	0	+	38153	0.0	chr1_35286311_35286774	ZMYM4	GRN_RUNX1
0.0	0.0	1.0	chr1	35352082	35352667	7084	chr1	35168693	35397462	ZMYM4	0	+	38153	0.0	chr1_35352082_35352667	ZMYM4	GRN_RUNX1
0.0	0.0	1.0	chr1	50447527	50448329	9892	chr1	50437027	51060267	FAF1	0	-	6214	0.0	chr1_50447527_50448329	FAF1	GRN_CUX1
0.0	0.0	1.0	chr1	50554593	50555259	9909	chr1	50437027	51060267	FAF1	0	-	6214	0.0	chr1_50554593_50555259	FAF1	GRN_CUX1
0.0	0.0	1.0	chr1	50755295	50755813	9952	chr1	50437027	51060267	FAF1	0	-	6214	0.0	chr1_50755295_50755813	FAF1	GRN_CUX1
0.0	0.0	1.0	chr1	50806289	50806624	9961	chr1	50437027	51060267	FAF1	0	-	6214	0.0	chr1_50806289_50806624	FAF1	GRN_CUX1
0.0	0.0	1.0	chr1	50845200	50845648	9968	chr1	50437027	51060267	FAF1	0	-	6214	0.0	chr1_50845200_50845648	FAF1	GRN_CUX1
0.0	0.0	1.0	chr1	50852476	50853458	9970	chr1	50437027	51060267	FAF1	0	-	6214	0.0	chr1_50852476_50853458	FAF1	GRN_CUX1
1.0	1.0	0.0	chr1	50976284	50979345	9987	chr1	50437027	51060267	FAF1	0	-	6214	11017.0	chr1_50976284_50979345	FAF1	GRN_CUX1
0.0	0.0	1.0	chr1	112524984	112525619	16942	chr1	112519774	112667094	CAPZA1	0	+	2621	89155.0	chr1_112524984_112525619	CAPZA1	GRN_RUNX1
1.0	0.0	0.0	chr1	112565616	112566104	16951	chr1	112519774	112667094	CAPZA1	0	+	2621	48670.0	chr1_112565616_112566104	CAPZA1	GRN_RUNX1
0.0	0.0	1.0	chr1	112574943	112576338	16952	chr1	112519774	112667094	CAPZA1	0	+	2621	38436.0	chr1_112574943_112576338	CAPZA1	GRN_RUNX1
0.0	0.0	1.0	chr1	112581285	112582063	16953	chr1	112519774	112667094	CAPZA1	0	+	2621	32711.0	chr1_112581285_112582063	CAPZA1	GRN_RUNX1
0.0	0.0	1.0	chr1	155411664	155412476	20139	chr1	155335262	155663160	ASH1L	0	-	1324	0.0	chr1_155411664_155412476	ASH1L	GRN_RUNX1
0.0	0.0	1.0	chr1	155416223	155416752	20140	chr1	155335262	155663160	ASH1L	0	-	1324	0.0	chr1_155416223_155416752	ASH1L	GRN_RUNX1
0.0	0.0	1.0	chr1	155455836	155456115	20147	chr1	155335262	155663160	ASH1L	0	-	1324	0.0	chr1_155455836_155456115	ASH1L	GRN_RUNX1
0.0	0.0	1.0	chr1	155518634	155519208	20164	chr1	155335262	155663160	ASH1L	0	-	1324	0.0	chr1_155518634_155519208	ASH1L	GRN_RUNX1
0.0	0.0	1.0	chr1	155580774	155581552	20175	chr1	155335262	155663160	ASH1L	0	-	1324	12614.0	chr1_155580774_155581552	ASH1L	GRN_RUNX1
0.0	0.0	1.0	chr1	155608823	155610196	20181	chr1	155335262	155663160	ASH1L	0	-	1324	40663.0	chr1_155608823_155610196	ASH1L	GRN_RUNX1
0.0	0.0	1.0	chr1	235206356	235207507	33216	chr1	235166894	235428224	ARID4B	0	-	1170	0.0	chr1_235206356_235207507	ARID4B	GRN_RUNX1
1.0	1.0	0.0	chr1	235227874	235228479	33222	chr1	235166894	235428224	ARID4B	0	-	1170	0.0	chr1_235227874_235228479	ARID4B	GRN_RUNX1
0.0	0.0	1.0	chr1	235298975	235299532	33241	chr1	235166894	235428224	ARID4B	0	-	1170	0.0	chr1_235298975_235299532	ARID4B	GRN_RUNX1
0.0	0.0	1.0	chr1	235398735	235399918	33260	chr1	235166894	235428224	ARID4B	0	-	1170	65511.0	chr1_235398735_235399918	ARID4B	GRN_RUNX1
0.0	0.0	1.0	chr1	235402349	235403013	33261	chr1	235166894	235428224	ARID4B	0	-	1170	69125.0	chr1_235402349_235403013	ARID4B	GRN_RUNX1
0.0	0.0	1.0	chr1	245788211	245788548	34547	chr1	245749341	246607318	SMYD3	0	-	33775	0.0	chr1_245788211_245788548	SMYD3	GRN_CUX1
0.0	0.0	1.0	chr1	245824985	245825553	34556	chr1	245749341	246607318	SMYD3	0	-	33775	0.0	chr1_245824985_245825553	SMYD3	GRN_CUX1
1.0	0.0	0.0	chr1	245856942	245857256	34560	chr1	245749341	246607318	SMYD3	0	-	33775	0.0	chr1_245856942_245857256	SMYD3	GRN_CUX1
0.0	0.0	1.0	chr1	245901495	245902505	34573	chr1	245749341	246607318	SMYD3	0	-	33775	0.0	chr1_245901495_245902505	SMYD3	GRN_CUX1
0.0	0.0	1.0	chr1	245917876	245919048	34577	chr1	245749341	246607318	SMYD3	0	-	33775	0.0	chr1_245917876_245919048	SMYD3	GRN_CUX1
0.0	0.0	1.0	chr1	245961135	245961606	34588	chr1	245749341	246607318	SMYD3	0	-	33775	0.0	chr1_245961135_245961606	SMYD3	GRN_CUX1
1.0	1.0	0.0	chr1	245978571	245979633	34597	chr1	245749341	246607318	SMYD3	0	-	33775	0.0	chr1_245978571_245979633	SMYD3	GRN_CUX1
0.0	0.0	1.0	chr1	245987713	245989525	34600	chr1	245749341	246607318	SMYD3	0	-	33775	0.0	chr1_245987713_245989525	SMYD3	GRN_CUX1
0.0	0.0	1.0	chr1	246000366	246000756	34603	chr1	245749341	246607318	SMYD3	0	-	33775	0.0	chr1_246000366_246000756	SMYD3	GRN_CUX1
1.0	1.0	1.0	chr1	246011982	246012787	34608	chr1	245749341	246607318	SMYD3	0	-	33775	0.0	chr1_246011982_246012787	SMYD3	GRN_CUX1
0.0	0.0	1.0	chr1	246067644	246070152	34623	chr1	245749341	246607318	SMYD3	0	-	33775	0.0	chr1_246067644_246070152	SMYD3	GRN_CUX1
0.0	0.0	1.0	chr1	246140708	246143801	34646	chr1	245749341	246607318	SMYD3	0	-	33775	0.0	chr1_246140708_246143801	SMYD3	GRN_CUX1
0.0	0.0	1.0	chr1	246152920	246154241	34648	chr1	245749341	246607318	SMYD3	0	-	33775	0.0	chr1_246152920_246154241	SMYD3	GRN_CUX1
1.0	0.0	0.0	chr1	246292551	246294362	34680	chr1	245749341	246607318	SMYD3	0	-	33775	0.0	chr1_246292551_246294362	SMYD3	GRN_CUX1
1.0	1.0	1.0	chr1	246331891	246333259	34691	chr1	245749341	246607318	SMYD3	0	-	33775	0.0	chr1_246331891_246333259	SMYD3	GRN_CUX1
1.0	0.0	0.0	chr1	246337497	246338496	34692	chr1	245749341	246607318	SMYD3	0	-	33775	0.0	chr1_246337497_246338496	SMYD3	GRN_CUX1
0.0	0.0	1.0	chr1	246355447	246356257	34695	chr1	245749341	246607318	SMYD3	0	-	33775	0.0	chr1_246355447_246356257	SMYD3	GRN_CUX1
0.0	0.0	1.0	chr1	246405126	246405599	34705	chr1	245749341	246607318	SMYD3	0	-	33775	0.0	chr1_246405126_246405599	SMYD3	GRN_CUX1
0.0	0.0	1.0	chr1	246425020	246425796	34708	chr1	245749341	246607318	SMYD3	0	-	33775	0.0	chr1_246425020_246425796	SMYD3	GRN_CUX1
0.0	0.0	1.0	chr1	246427543	246429195	34709	chr1	245749341	246607318	SMYD3	0	-	33775	0.0	chr1_246427543_246429195	SMYD3	GRN_CUX1
0.0	0.0	1.0	chr1	246449958	246451560	34711	chr1	245749341	246607318	SMYD3	0	-	33775	0.0	chr1_246449958_246451560	SMYD3	GRN_CUX1
0.0	0.0	1.0	chr1	246482113	246482984	34719	chr1	245749341	246607318	SMYD3	0	-	33775	0.0	chr1_246482113_246482984	SMYD3	GRN_CUX1
0.0	0.0	1.0	chr1	246506293	246507816	34723	chr1	245749341	246607318	SMYD3	0	-	33775	0.0	chr1_246506293_246507816	SMYD3	GRN_CUX1
0.0	0.0	1.0	chr1	246522990	246524466	34726	chr1	245749341	246607318	SMYD3	0	-	33775	10672.0	chr1_246522990_246524466	SMYD3	GRN_CUX1
0.0	0.0	1.0	chr1	246526808	246527962	34727	chr1	245749341	246607318	SMYD3	0	-	33775	14490.0	chr1_246526808_246527962	SMYD3	GRN_CUX1
0.0	0.0	1.0	chr1	246577685	246578132	34739	chr1	245749341	246607318	SMYD3	0	-	33775	65367.0	chr1_246577685_246578132	SMYD3	GRN_CUX1
0.0	0.0	1.0	chr1	246587162	246587958	34741	chr1	245749341	246607318	SMYD3	0	-	33775	74844.0	chr1_246587162_246587958	SMYD3	GRN_CUX1
0.0	0.0	1.0	chr2	20266905	20267238	163883	chr2	20248712	20452253	PUM2	0	-	31154	0.0	chr2_20266905_20267238	PUM2	GRN_CUX1
0.0	0.0	1.0	chr2	20266905	20267238	163883	chr2	20248712	20452253	PUM2	0	-	31154	0.0	chr2_20266905_20267238	PUM2	GRN_RUNX1
1.0	0.0	0.0	chr2	20336239	20336839	163898	chr2	20248712	20452253	PUM2	0	-	31154	0.0	chr2_20336239_20336839	PUM2	GRN_CUX1
1.0	0.0	0.0	chr2	20336239	20336839	163898	chr2	20248712	20452253	PUM2	0	-	31154	0.0	chr2_20336239_20336839	PUM2	GRN_RUNX1
0.0	0.0	1.0	chr2	20391642	20392484	163912	chr2	20248712	20452253	PUM2	0	-	31154	34389.0	chr2_20391642_20392484	PUM2	GRN_CUX1
0.0	0.0	1.0	chr2	20391642	20392484	163912	chr2	20248712	20452253	PUM2	0	-	31154	34389.0	chr2_20391642_20392484	PUM2	GRN_RUNX1
0.0	0.0	1.0	chr2	20424335	20425207	163921	chr2	20248712	20452253	PUM2	0	-	31154	67082.0	chr2_20424335_20425207	PUM2	GRN_CUX1
0.0	0.0	1.0	chr2	20424335	20425207	163921	chr2	20248712	20452253	PUM2	0	-	31154	67082.0	chr2_20424335_20425207	PUM2	GRN_RUNX1
0.0	0.0	1.0	chr2	20430519	20431352	163923	chr2	20248712	20452253	PUM2	0	-	31154	73266.0	chr2_20430519_20431352	PUM2	GRN_CUX1
0.0	0.0	1.0	chr2	20430519	20431352	163923	chr2	20248712	20452253	PUM2	0	-	31154	73266.0	chr2_20430519_20431352	PUM2	GRN_RUNX1
0.0	0.0	1.0	chr2	20436724	20437333	163924	chr2	20248712	20452253	PUM2	0	-	31154	79471.0	chr2_20436724_20437333	PUM2	GRN_CUX1
0.0	0.0	1.0	chr2	20436724	20437333	163924	chr2	20248712	20452253	PUM2	0	-	31154	79471.0	chr2_20436724_20437333	PUM2	GRN_RUNX1
0.0	0.0	1.0	chr2	20446331	20447606	163928	chr2	20248712	20452253	PUM2	0	-	31154	89078.0	chr2_20446331_20447606	PUM2	GRN_CUX1
0.0	0.0	1.0	chr2	20446331	20447606	163928	chr2	20248712	20452253	PUM2	0	-	31154	89078.0	chr2_20446331_20447606	PUM2	GRN_RUNX1
1.0	0.0	0.0	chr2	87516545	87516901	172964	chr2	87355426	87521518	CYTOR	0	+	4666	0.0	chr2_87516545_87516901	CYTOR	GRN_CUX1
0.0	0.0	1.0	chr2	108463599	108464331	175334	chr2	108433670	108687246	LIMS1	0	+	10482	64339.0	chr2_108463599_108464331	LIMS1	GRN_RUNX1
0.0	0.0	1.0	chr2	108548452	108548873	175344	chr2	108433670	108687246	LIMS1	0	+	10482	0.0	chr2_108548452_108548873	LIMS1	GRN_RUNX1
0.0	0.0	1.0	chr2	108593664	108595487	175358	chr2	108433670	108687246	LIMS1	0	+	10482	0.0	chr2_108593664_108595487	LIMS1	GRN_RUNX1
0.0	0.0	1.0	chr2	108606876	108607244	175362	chr2	108433670	108687246	LIMS1	0	+	10482	0.0	chr2_108606876_108607244	LIMS1	GRN_RUNX1
0.0	1.0	0.0	chr2	108639500	108640952	175373	chr2	108433670	108687246	LIMS1	0	+	10482	0.0	chr2_108639500_108640952	LIMS1	GRN_RUNX1
0.0	0.0	1.0	chr2	111200195	111201556	175751	chr2	111195865	111595161	MIR4435-2HG	0	-	25891	0.0	chr2_111200195_111201556	MIR4435-2HG	GRN_CUX1
0.0	0.0	1.0	chr2	111246444	111247141	175759	chr2	111195865	111595161	MIR4435-2HG	0	-	25891	0.0	chr2_111246444_111247141	MIR4435-2HG	GRN_CUX1
0.0	0.0	1.0	chr2	111320285	111320515	175766	chr2	111195865	111595161	MIR4435-2HG	0	-	25891	0.0	chr2_111320285_111320515	MIR4435-2HG	GRN_CUX1
0.0	0.0	1.0	chr2	111366022	111366603	175768	chr2	111195865	111595161	MIR4435-2HG	0	-	25891	0.0	chr2_111366022_111366603	MIR4435-2HG	GRN_CUX1
0.0	0.0	1.0	chr2	111415937	111417310	175775	chr2	111195865	111595161	MIR4435-2HG	0	-	25891	0.0	chr2_111415937_111417310	MIR4435-2HG	GRN_CUX1
1.0	1.0	0.0	chr2	111433634	111434159	175780	chr2	111195865	111595161	MIR4435-2HG	0	-	25891	0.0	chr2_111433634_111434159	MIR4435-2HG	GRN_CUX1
0.0	0.0	1.0	chr2	111519028	111519485	175795	chr2	111195865	111595161	MIR4435-2HG	0	-	25891	18867.0	chr2_111519028_111519485	MIR4435-2HG	GRN_CUX1
0.0	0.0	1.0	chr2	135650720	135651005	178652	chr2	135641854	135785056	UBXN4	0	+	37148	85849.0	chr2_135650720_135651005	UBXN4	GRN_RUNX1
0.0	1.0	0.0	chr2	135741193	135742746	178669	chr2	135641854	135785056	UBXN4	0	+	37148	0.0	chr2_135741193_135742746	UBXN4	GRN_RUNX1
1.0	1.0	0.0	chr2	135773148	135774251	178673	chr2	135641854	135785056	UBXN4	0	+	37148	0.0	chr2_135773148_135774251	UBXN4	GRN_RUNX1
1.0	0.0	0.0	chr2	148568442	148568864	179523	chr2	148544750	148787569	EPC2	0	+	5932	70886.0	chr2_148568442_148568864	EPC2	GRN_RUNX1
0.0	0.0	1.0	chr2	148603028	148603456	179532	chr2	148544750	148787569	EPC2	0	+	5932	36294.0	chr2_148603028_148603456	EPC2	GRN_RUNX1
1.0	1.0	0.0	chr2	148642815	148646313	179540	chr2	148544750	148787569	EPC2	0	+	5932	0.0	chr2_148642815_148646313	EPC2	GRN_RUNX1
1.0	0.0	0.0	chr2	148653087	148654100	179542	chr2	148544750	148787569	EPC2	0	+	5932	0.0	chr2_148653087_148654100	EPC2	GRN_RUNX1
0.0	0.0	1.0	chr2	148712279	148712998	179558	chr2	148544750	148787569	EPC2	0	+	5932	0.0	chr2_148712279_148712998	EPC2	GRN_RUNX1
0.0	0.0	1.0	chr2	148719274	148720838	179559	chr2	148544750	148787569	EPC2	0	+	5932	0.0	chr2_148719274_148720838	EPC2	GRN_RUNX1
0.0	0.0	1.0	chr2	148756583	148756996	179569	chr2	148544750	148787569	EPC2	0	+	5932	0.0	chr2_148756583_148756996	EPC2	GRN_RUNX1
0.0	0.0	1.0	chr2	171077043	171077441	182399	chr2	170990822	171331293	TLK1	0	-	35888	0.0	chr2_171077043_171077441	TLK1	GRN_CUX1
0.0	1.0	0.0	chr2	171083986	171084381	182401	chr2	170990822	171331293	TLK1	0	-	35888	0.0	chr2_171083986_171084381	TLK1	GRN_CUX1
0.0	0.0	1.0	chr2	171087570	171088332	182403	chr2	170990822	171331293	TLK1	0	-	35888	0.0	chr2_171087570_171088332	TLK1	GRN_CUX1
0.0	0.0	1.0	chr2	171136924	171137757	182414	chr2	170990822	171331293	TLK1	0	-	35888	0.0	chr2_171136924_171137757	TLK1	GRN_CUX1
0.0	0.0	1.0	chr2	171144925	171145277	182416	chr2	170990822	171331293	TLK1	0	-	35888	0.0	chr2_171144925_171145277	TLK1	GRN_CUX1
1.0	0.0	1.0	chr2	171150394	171150756	182419	chr2	170990822	171331293	TLK1	0	-	35888	0.0	chr2_171150394_171150756	TLK1	GRN_CUX1
0.0	0.0	1.0	chr2	171199153	171199652	182431	chr2	170990822	171331293	TLK1	0	-	35888	0.0	chr2_171199153_171199652	TLK1	GRN_CUX1
0.0	0.0	1.0	chr2	171225090	171225604	182439	chr2	170990822	171331293	TLK1	0	-	35888	0.0	chr2_171225090_171225604	TLK1	GRN_CUX1
0.0	0.0	1.0	chr2	171248197	171248682	182446	chr2	170990822	171331293	TLK1	0	-	35888	11904.0	chr2_171248197_171248682	TLK1	GRN_CUX1
0.0	0.0	1.0	chr2	171260481	171261096	182450	chr2	170990822	171331293	TLK1	0	-	35888	24188.0	chr2_171260481_171261096	TLK1	GRN_CUX1
0.0	1.0	0.0	chr2	171271636	171272310	182453	chr2	170990822	171331293	TLK1	0	-	35888	35343.0	chr2_171271636_171272310	TLK1	GRN_CUX1
0.0	0.0	1.0	chr2	171304519	171304874	182462	chr2	170990822	171331293	TLK1	0	-	35888	68226.0	chr2_171304519_171304874	TLK1	GRN_CUX1
1.0	0.0	0.0	chr2	235433072	235434696	189718	chr2	235394042	236131793	AGAP1	0	+	473	54346.0	chr2_235433072_235434696	AGAP1	GRN_CUX1
0.0	0.0	1.0	chr2	235443771	235445570	189720	chr2	235394042	236131793	AGAP1	0	+	473	43472.0	chr2_235443771_235445570	AGAP1	GRN_CUX1
0.0	0.0	1.0	chr2	235492751	235495599	189732	chr2	235394042	236131793	AGAP1	0	+	473	0.0	chr2_235492751_235495599	AGAP1	GRN_CUX1
0.0	0.0	1.0	chr2	235500867	235502237	189734	chr2	235394042	236131793	AGAP1	0	+	473	0.0	chr2_235500867_235502237	AGAP1	GRN_CUX1
0.0	0.0	1.0	chr2	235506733	235507298	189736	chr2	235394042	236131793	AGAP1	0	+	473	0.0	chr2_235506733_235507298	AGAP1	GRN_CUX1
0.0	0.0	1.0	chr2	235555515	235555812	189748	chr2	235394042	236131793	AGAP1	0	+	473	0.0	chr2_235555515_235555812	AGAP1	GRN_CUX1
0.0	0.0	1.0	chr2	235559379	235559730	189749	chr2	235394042	236131793	AGAP1	0	+	473	0.0	chr2_235559379_235559730	AGAP1	GRN_CUX1
0.0	0.0	1.0	chr2	235581761	235582457	189756	chr2	235394042	236131793	AGAP1	0	+	473	0.0	chr2_235581761_235582457	AGAP1	GRN_CUX1
0.0	0.0	1.0	chr2	235591406	235591627	189758	chr2	235394042	236131793	AGAP1	0	+	473	0.0	chr2_235591406_235591627	AGAP1	GRN_CUX1
0.0	0.0	1.0	chr2	235592440	235592930	189759	chr2	235394042	236131793	AGAP1	0	+	473	0.0	chr2_235592440_235592930	AGAP1	GRN_CUX1
0.0	0.0	1.0	chr2	235601756	235602350	189762	chr2	235394042	236131793	AGAP1	0	+	473	0.0	chr2_235601756_235602350	AGAP1	GRN_CUX1
0.0	0.0	1.0	chr2	235613831	235615396	189764	chr2	235394042	236131793	AGAP1	0	+	473	0.0	chr2_235613831_235615396	AGAP1	GRN_CUX1
0.0	0.0	1.0	chr2	235643765	235644695	189772	chr2	235394042	236131793	AGAP1	0	+	473	0.0	chr2_235643765_235644695	AGAP1	GRN_CUX1
0.0	0.0	1.0	chr2	235658493	235660958	189776	chr2	235394042	236131793	AGAP1	0	+	473	0.0	chr2_235658493_235660958	AGAP1	GRN_CUX1
0.0	0.0	1.0	chr2	235702430	235703738	189786	chr2	235394042	236131793	AGAP1	0	+	473	0.0	chr2_235702430_235703738	AGAP1	GRN_CUX1
0.0	0.0	1.0	chr2	235719135	235719847	189789	chr2	235394042	236131793	AGAP1	0	+	473	0.0	chr2_235719135_235719847	AGAP1	GRN_CUX1
0.0	0.0	1.0	chr2	235745651	235746655	189794	chr2	235394042	236131793	AGAP1	0	+	473	0.0	chr2_235745651_235746655	AGAP1	GRN_CUX1
1.0	0.0	0.0	chr2	235765207	235766547	189795	chr2	235394042	236131793	AGAP1	0	+	473	0.0	chr2_235765207_235766547	AGAP1	GRN_CUX1
0.0	0.0	1.0	chr2	235778478	235779775	189798	chr2	235394042	236131793	AGAP1	0	+	473	0.0	chr2_235778478_235779775	AGAP1	GRN_CUX1
0.0	0.0	1.0	chr2	235803042	235803305	189801	chr2	235394042	236131793	AGAP1	0	+	473	0.0	chr2_235803042_235803305	AGAP1	GRN_CUX1
0.0	0.0	1.0	chr2	235828448	235828967	189803	chr2	235394042	236131793	AGAP1	0	+	473	0.0	chr2_235828448_235828967	AGAP1	GRN_CUX1
0.0	0.0	1.0	chr2	235906430	235906787	189810	chr2	235394042	236131793	AGAP1	0	+	473	0.0	chr2_235906430_235906787	AGAP1	GRN_CUX1
0.0	0.0	1.0	chr2	235955550	235955860	189817	chr2	235394042	236131793	AGAP1	0	+	473	0.0	chr2_235955550_235955860	AGAP1	GRN_CUX1
0.0	0.0	1.0	chr2	236013255	236013635	189820	chr2	235394042	236131793	AGAP1	0	+	473	0.0	chr2_236013255_236013635	AGAP1	GRN_CUX1
0.0	0.0	1.0	chr2	236085625	236085962	189829	chr2	235394042	236131793	AGAP1	0	+	473	0.0	chr2_236085625_236085962	AGAP1	GRN_CUX1
1.0	1.0	0.0	chr2	236113424	236113659	189830	chr2	235394042	236131793	AGAP1	0	+	473	0.0	chr2_236113424_236113659	AGAP1	GRN_CUX1
0.0	0.0	1.0	chr3	43369917	43370229	217094	chr3	43366325	43791594	ANO10	0	-	871	0.0	chr3_43369917_43370229	ANO10	GRN_CUX1
0.0	0.0	1.0	chr3	43369917	43370229	217094	chr3	43366325	43791594	ANO10	0	-	871	0.0	chr3_43369917_43370229	ANO10	GRN_RUNX1
0.0	0.0	1.0	chr3	43386334	43387100	217099	chr3	43366325	43791594	ANO10	0	-	871	0.0	chr3_43386334_43387100	ANO10	GRN_CUX1
0.0	0.0	1.0	chr3	43386334	43387100	217099	chr3	43366325	43791594	ANO10	0	-	871	0.0	chr3_43386334_43387100	ANO10	GRN_RUNX1
0.0	0.0	1.0	chr3	43405918	43406673	217106	chr3	43366325	43791594	ANO10	0	-	871	0.0	chr3_43405918_43406673	ANO10	GRN_CUX1
0.0	0.0	1.0	chr3	43405918	43406673	217106	chr3	43366325	43791594	ANO10	0	-	871	0.0	chr3_43405918_43406673	ANO10	GRN_RUNX1
0.0	0.0	1.0	chr3	43491930	43492140	217133	chr3	43366325	43791594	ANO10	0	-	871	0.0	chr3_43491930_43492140	ANO10	GRN_CUX1
0.0	0.0	1.0	chr3	43491930	43492140	217133	chr3	43366325	43791594	ANO10	0	-	871	0.0	chr3_43491930_43492140	ANO10	GRN_RUNX1
0.0	0.0	1.0	chr3	43496537	43498464	217134	chr3	43366325	43791594	ANO10	0	-	871	0.0	chr3_43496537_43498464	ANO10	GRN_CUX1
0.0	0.0	1.0	chr3	43496537	43498464	217134	chr3	43366325	43791594	ANO10	0	-	871	0.0	chr3_43496537_43498464	ANO10	GRN_RUNX1
0.0	0.0	1.0	chr3	43522398	43525562	217140	chr3	43366325	43791594	ANO10	0	-	871	0.0	chr3_43522398_43525562	ANO10	GRN_CUX1
0.0	0.0	1.0	chr3	43522398	43525562	217140	chr3	43366325	43791594	ANO10	0	-	871	0.0	chr3_43522398_43525562	ANO10	GRN_RUNX1
1.0	0.0	0.0	chr3	43579728	43580493	217151	chr3	43366325	43791594	ANO10	0	-	871	0.0	chr3_43579728_43580493	ANO10	GRN_CUX1
1.0	0.0	0.0	chr3	43579728	43580493	217151	chr3	43366325	43791594	ANO10	0	-	871	0.0	chr3_43579728_43580493	ANO10	GRN_RUNX1
0.0	0.0	1.0	chr3	43620585	43622897	217163	chr3	43366325	43791594	ANO10	0	-	871	0.0	chr3_43620585_43622897	ANO10	GRN_CUX1
0.0	0.0	1.0	chr3	43620585	43622897	217163	chr3	43366325	43791594	ANO10	0	-	871	0.0	chr3_43620585_43622897	ANO10	GRN_RUNX1
0.0	0.0	1.0	chr3	43638432	43639999	217166	chr3	43366325	43791594	ANO10	0	-	871	0.0	chr3_43638432_43639999	ANO10	GRN_CUX1
0.0	0.0	1.0	chr3	43638432	43639999	217166	chr3	43366325	43791594	ANO10	0	-	871	0.0	chr3_43638432_43639999	ANO10	GRN_RUNX1
0.0	0.0	1.0	chr3	43707628	43708430	217183	chr3	43366325	43791594	ANO10	0	-	871	11034.0	chr3_43707628_43708430	ANO10	GRN_CUX1
0.0	0.0	1.0	chr3	43707628	43708430	217183	chr3	43366325	43791594	ANO10	0	-	871	11034.0	chr3_43707628_43708430	ANO10	GRN_RUNX1
0.0	0.0	1.0	chr3	43763986	43764210	217194	chr3	43366325	43791594	ANO10	0	-	871	67392.0	chr3_43763986_43764210	ANO10	GRN_CUX1
0.0	0.0	1.0	chr3	43763986	43764210	217194	chr3	43366325	43791594	ANO10	0	-	871	67392.0	chr3_43763986_43764210	ANO10	GRN_RUNX1
0.0	0.0	1.0	chr3	43769196	43771228	217196	chr3	43366325	43791594	ANO10	0	-	871	72602.0	chr3_43769196_43771228	ANO10	GRN_CUX1
0.0	0.0	1.0	chr3	43769196	43771228	217196	chr3	43366325	43791594	ANO10	0	-	871	72602.0	chr3_43769196_43771228	ANO10	GRN_RUNX1
0.0	0.0	1.0	chr3	43785202	43786376	217202	chr3	43366325	43791594	ANO10	0	-	871	88608.0	chr3_43785202_43786376	ANO10	GRN_CUX1
0.0	0.0	1.0	chr3	43785202	43786376	217202	chr3	43366325	43791594	ANO10	0	-	871	88608.0	chr3_43785202_43786376	ANO10	GRN_RUNX1
0.0	0.0	1.0	chr3	57671125	57671879	219433	chr3	57656228	57912373	SLMAP	0	+	33622	79349.0	chr3_57671125_57671879	SLMAP	GRN_CUX1
0.0	0.0	1.0	chr3	57671125	57671879	219433	chr3	57656228	57912373	SLMAP	0	+	33622	79349.0	chr3_57671125_57671879	SLMAP	GRN_RUNX1
1.0	0.0	0.0	chr3	57745854	57746849	219446	chr3	57656228	57912373	SLMAP	0	+	33622	4379.0	chr3_57745854_57746849	SLMAP	GRN_CUX1
1.0	0.0	0.0	chr3	57745854	57746849	219446	chr3	57656228	57912373	SLMAP	0	+	33622	4379.0	chr3_57745854_57746849	SLMAP	GRN_RUNX1
0.0	0.0	1.0	chr3	57783228	57784595	219454	chr3	57656228	57912373	SLMAP	0	+	33622	0.0	chr3_57783228_57784595	SLMAP	GRN_CUX1
0.0	0.0	1.0	chr3	57783228	57784595	219454	chr3	57656228	57912373	SLMAP	0	+	33622	0.0	chr3_57783228_57784595	SLMAP	GRN_RUNX1
0.0	0.0	1.0	chr3	57796174	57796611	219460	chr3	57656228	57912373	SLMAP	0	+	33622	0.0	chr3_57796174_57796611	SLMAP	GRN_CUX1
0.0	0.0	1.0	chr3	57796174	57796611	219460	chr3	57656228	57912373	SLMAP	0	+	33622	0.0	chr3_57796174_57796611	SLMAP	GRN_RUNX1
1.0	0.0	0.0	chr3	125271211	125272191	223999	chr3	125225668	125475354	ZNF148	0	-	38189	0.0	chr3_125271211_125272191	ZNF148	GRN_CUX1
0.0	1.0	0.0	chr3	125310665	125311151	224002	chr3	125225668	125475354	ZNF148	0	-	38189	0.0	chr3_125310665_125311151	ZNF148	GRN_CUX1
0.0	0.0	1.0	chr4	6715172	6717175	234597	chr4	6682726	6884164	KIAA0232	0	+	9749	60551.0	chr4_6715172_6717175	KIAA0232	GRN_CUX1
0.0	0.0	1.0	chr4	6715172	6717175	234597	chr4	6682726	6884164	KIAA0232	0	+	9749	60551.0	chr4_6715172_6717175	KIAA0232	GRN_RUNX1
0.0	0.0	1.0	chr4	6732393	6733043	234603	chr4	6682726	6884164	KIAA0232	0	+	9749	44683.0	chr4_6732393_6733043	KIAA0232	GRN_CUX1
0.0	0.0	1.0	chr4	6732393	6733043	234603	chr4	6682726	6884164	KIAA0232	0	+	9749	44683.0	chr4_6732393_6733043	KIAA0232	GRN_RUNX1
0.0	0.0	1.0	chr4	6752507	6753508	234610	chr4	6682726	6884164	KIAA0232	0	+	9749	24218.0	chr4_6752507_6753508	KIAA0232	GRN_CUX1
0.0	0.0	1.0	chr4	6752507	6753508	234610	chr4	6682726	6884164	KIAA0232	0	+	9749	24218.0	chr4_6752507_6753508	KIAA0232	GRN_RUNX1
1.0	1.0	1.0	chr4	6777214	6778141	234615	chr4	6682726	6884164	KIAA0232	0	+	9749	0.0	chr4_6777214_6778141	KIAA0232	GRN_CUX1
1.0	1.0	1.0	chr4	6777214	6778141	234615	chr4	6682726	6884164	KIAA0232	0	+	9749	0.0	chr4_6777214_6778141	KIAA0232	GRN_RUNX1
0.0	0.0	1.0	chr4	6834816	6835279	234629	chr4	6682726	6884164	KIAA0232	0	+	9749	0.0	chr4_6834816_6835279	KIAA0232	GRN_CUX1
0.0	0.0	1.0	chr4	6834816	6835279	234629	chr4	6682726	6884164	KIAA0232	0	+	9749	0.0	chr4_6834816_6835279	KIAA0232	GRN_RUNX1
0.0	0.0	1.0	chr4	6839700	6840852	234631	chr4	6682726	6884164	KIAA0232	0	+	9749	0.0	chr4_6839700_6840852	KIAA0232	GRN_CUX1
0.0	0.0	1.0	chr4	6839700	6840852	234631	chr4	6682726	6884164	KIAA0232	0	+	9749	0.0	chr4_6839700_6840852	KIAA0232	GRN_RUNX1
0.0	0.0	1.0	chr4	6844859	6845504	234632	chr4	6682726	6884164	KIAA0232	0	+	9749	0.0	chr4_6844859_6845504	KIAA0232	GRN_CUX1
0.0	0.0	1.0	chr4	6844859	6845504	234632	chr4	6682726	6884164	KIAA0232	0	+	9749	0.0	chr4_6844859_6845504	KIAA0232	GRN_RUNX1
0.0	0.0	1.0	chr4	6851496	6851719	234633	chr4	6682726	6884164	KIAA0232	0	+	9749	0.0	chr4_6851496_6851719	KIAA0232	GRN_CUX1
0.0	0.0	1.0	chr4	6851496	6851719	234633	chr4	6682726	6884164	KIAA0232	0	+	9749	0.0	chr4_6851496_6851719	KIAA0232	GRN_RUNX1
0.0	0.0	1.0	chr4	6855502	6856300	234635	chr4	6682726	6884164	KIAA0232	0	+	9749	0.0	chr4_6855502_6856300	KIAA0232	GRN_CUX1
0.0	0.0	1.0	chr4	6855502	6856300	234635	chr4	6682726	6884164	KIAA0232	0	+	9749	0.0	chr4_6855502_6856300	KIAA0232	GRN_RUNX1
0.0	0.0	1.0	chr4	67638079	67638382	239573	chr4	67601277	67722505	UBA6-AS1	0	+	37041	57895.0	chr4_67638079_67638382	UBA6-AS1	GRN_RUNX1
0.0	0.0	1.0	chr4	67657931	67658857	239575	chr4	67601277	67722505	UBA6-AS1	0	+	37041	37420.0	chr4_67657931_67658857	UBA6-AS1	GRN_RUNX1
0.0	0.0	1.0	chr4	67660287	67660932	239577	chr4	67601277	67722505	UBA6-AS1	0	+	37041	35345.0	chr4_67660287_67660932	UBA6-AS1	GRN_RUNX1
0.0	0.0	1.0	chr4	67671629	67672081	239579	chr4	67601277	67722505	UBA6-AS1	0	+	37041	24196.0	chr4_67671629_67672081	UBA6-AS1	GRN_RUNX1
1.0	1.0	0.0	chr4	67685052	67686311	239583	chr4	67601277	67722505	UBA6-AS1	0	+	37041	9966.0	chr4_67685052_67686311	UBA6-AS1	GRN_RUNX1
0.0	1.0	0.0	chr4	67697863	67698855	239584	chr4	67601277	67722505	UBA6-AS1	0	+	37041	0.0	chr4_67697863_67698855	UBA6-AS1	GRN_RUNX1
0.0	0.0	1.0	chr4	67712725	67714560	239586	chr4	67601277	67722505	UBA6-AS1	0	+	37041	0.0	chr4_67712725_67714560	UBA6-AS1	GRN_RUNX1
0.0	0.0	1.0	chr4	67720041	67720680	239589	chr4	67601277	67722505	UBA6-AS1	0	+	37041	0.0	chr4_67720041_67720680	UBA6-AS1	GRN_RUNX1
1.0	0.0	0.0	chr4	67720951	67722281	239590	chr4	67601277	67722505	UBA6-AS1	0	+	37041	0.0	chr4_67720951_67722281	UBA6-AS1	GRN_RUNX1
0.0	0.0	1.0	chr4	73080535	73081393	240205	chr4	73074784	73359766	ANKRD17	0	-	789	0.0	chr4_73080535_73081393	ANKRD17	GRN_CUX1
1.0	0.0	0.0	chr4	73127749	73128184	240217	chr4	73074784	73359766	ANKRD17	0	-	789	0.0	chr4_73127749_73128184	ANKRD17	GRN_CUX1
0.0	0.0	1.0	chr4	73186917	73187725	240231	chr4	73074784	73359766	ANKRD17	0	-	789	0.0	chr4_73186917_73187725	ANKRD17	GRN_CUX1
0.0	0.0	1.0	chr4	73221713	73222075	240239	chr4	73074784	73359766	ANKRD17	0	-	789	0.0	chr4_73221713_73222075	ANKRD17	GRN_CUX1
1.0	0.0	0.0	chr4	73230696	73232259	240243	chr4	73074784	73359766	ANKRD17	0	-	789	0.0	chr4_73230696_73232259	ANKRD17	GRN_CUX1
1.0	1.0	0.0	chr4	73272850	73273127	240251	chr4	73074784	73359766	ANKRD17	0	-	789	8084.0	chr4_73272850_73273127	ANKRD17	GRN_CUX1
0.0	0.0	1.0	chr4	94356459	94356722	242909	chr4	94351856	94588219	PDLIM5	0	+	29699	90134.0	chr4_94356459_94356722	PDLIM5	GRN_RUNX1
0.0	0.0	1.0	chr4	94422239	94422556	242928	chr4	94351856	94588219	PDLIM5	0	+	29699	24300.0	chr4_94422239_94422556	PDLIM5	GRN_RUNX1
0.0	0.0	1.0	chr4	94463549	94464039	242940	chr4	94351856	94588219	PDLIM5	0	+	29699	0.0	chr4_94463549_94464039	PDLIM5	GRN_RUNX1
0.0	0.0	1.0	chr4	94519810	94520479	242957	chr4	94351856	94588219	PDLIM5	0	+	29699	0.0	chr4_94519810_94520479	PDLIM5	GRN_RUNX1
0.0	0.0	1.0	chr4	94567767	94568205	242971	chr4	94351856	94588219	PDLIM5	0	+	29699	0.0	chr4_94567767_94568205	PDLIM5	GRN_RUNX1
0.0	0.0	1.0	chr4	94570232	94571018	242972	chr4	94351856	94588219	PDLIM5	0	+	29699	0.0	chr4_94570232_94571018	PDLIM5	GRN_RUNX1
1.0	0.0	0.0	chr5	65833683	65833882	257281	chr5	65826553	66081023	ERBIN	0	+	5990	87671.0	chr5_65833683_65833882	ERBIN	GRN_CUX1
1.0	0.0	0.0	chr5	65833683	65833882	257281	chr5	65826553	66081023	ERBIN	0	+	5990	87671.0	chr5_65833683_65833882	ERBIN	GRN_RUNX1
0.0	0.0	1.0	chr5	65845041	65846423	257285	chr5	65826553	66081023	ERBIN	0	+	5990	75130.0	chr5_65845041_65846423	ERBIN	GRN_CUX1
0.0	0.0	1.0	chr5	65845041	65846423	257285	chr5	65826553	66081023	ERBIN	0	+	5990	75130.0	chr5_65845041_65846423	ERBIN	GRN_RUNX1
0.0	0.0	1.0	chr5	65851916	65852883	257286	chr5	65826553	66081023	ERBIN	0	+	5990	68670.0	chr5_65851916_65852883	ERBIN	GRN_CUX1
0.0	0.0	1.0	chr5	65851916	65852883	257286	chr5	65826553	66081023	ERBIN	0	+	5990	68670.0	chr5_65851916_65852883	ERBIN	GRN_RUNX1
0.0	0.0	1.0	chr5	65920237	65920601	257309	chr5	65826553	66081023	ERBIN	0	+	5990	952.0	chr5_65920237_65920601	ERBIN	GRN_CUX1
0.0	0.0	1.0	chr5	65920237	65920601	257309	chr5	65826553	66081023	ERBIN	0	+	5990	952.0	chr5_65920237_65920601	ERBIN	GRN_RUNX1
0.0	0.0	1.0	chr5	65924675	65926844	257310	chr5	65826553	66081023	ERBIN	0	+	5990	0.0	chr5_65924675_65926844	ERBIN	GRN_CUX1
0.0	0.0	1.0	chr5	65924675	65926844	257310	chr5	65826553	66081023	ERBIN	0	+	5990	0.0	chr5_65924675_65926844	ERBIN	GRN_RUNX1
0.0	0.0	1.0	chr5	65935840	65936237	257313	chr5	65826553	66081023	ERBIN	0	+	5990	0.0	chr5_65935840_65936237	ERBIN	GRN_CUX1
0.0	0.0	1.0	chr5	65935840	65936237	257313	chr5	65826553	66081023	ERBIN	0	+	5990	0.0	chr5_65935840_65936237	ERBIN	GRN_RUNX1
0.0	0.0	1.0	chr5	65961524	65961972	257320	chr5	65826553	66081023	ERBIN	0	+	5990	0.0	chr5_65961524_65961972	ERBIN	GRN_CUX1
0.0	0.0	1.0	chr5	65961524	65961972	257320	chr5	65826553	66081023	ERBIN	0	+	5990	0.0	chr5_65961524_65961972	ERBIN	GRN_RUNX1
0.0	0.0	1.0	chr5	65983700	65984697	257326	chr5	65826553	66081023	ERBIN	0	+	5990	0.0	chr5_65983700_65984697	ERBIN	GRN_CUX1
0.0	0.0	1.0	chr5	65983700	65984697	257326	chr5	65826553	66081023	ERBIN	0	+	5990	0.0	chr5_65983700_65984697	ERBIN	GRN_RUNX1
0.0	0.0	1.0	chr5	75504756	75505312	258662	chr5	75411307	75599744	POLK	0	+	30351	995.0	chr5_75504756_75505312	POLK	GRN_CUX1
1.0	1.0	0.0	chr5	75565649	75567181	258673	chr5	75411307	75599744	POLK	0	+	30351	0.0	chr5_75565649_75567181	POLK	GRN_CUX1
0.0	0.0	1.0	chr5	80554386	80555295	259573	chr5	80554651	80876815	MSH3	0	+	27384	94356.0	chr5_80554386_80555295	MSH3	GRN_RUNX1
0.0	0.0	1.0	chr5	80569452	80570689	259578	chr5	80554651	80876815	MSH3	0	+	27384	78962.0	chr5_80569452_80570689	MSH3	GRN_RUNX1
0.0	0.0	1.0	chr5	80571477	80571858	259579	chr5	80554651	80876815	MSH3	0	+	27384	77793.0	chr5_80571477_80571858	MSH3	GRN_RUNX1
0.0	0.0	1.0	chr5	80586097	80587090	259585	chr5	80554651	80876815	MSH3	0	+	27384	62561.0	chr5_80586097_80587090	MSH3	GRN_RUNX1
0.0	0.0	1.0	chr5	80620075	80620508	259592	chr5	80554651	80876815	MSH3	0	+	27384	29143.0	chr5_80620075_80620508	MSH3	GRN_RUNX1
0.0	0.0	1.0	chr5	80624074	80624700	259594	chr5	80554651	80876815	MSH3	0	+	27384	24951.0	chr5_80624074_80624700	MSH3	GRN_RUNX1
0.0	0.0	1.0	chr5	80630915	80632215	259596	chr5	80554651	80876815	MSH3	0	+	27384	17436.0	chr5_80630915_80632215	MSH3	GRN_RUNX1
0.0	1.0	0.0	chr5	80671308	80672454	259603	chr5	80554651	80876815	MSH3	0	+	27384	0.0	chr5_80671308_80672454	MSH3	GRN_RUNX1
1.0	1.0	0.0	chr5	80701199	80702531	259606	chr5	80554651	80876815	MSH3	0	+	27384	0.0	chr5_80701199_80702531	MSH3	GRN_RUNX1
0.0	0.0	1.0	chr5	80713494	80713859	259609	chr5	80554651	80876815	MSH3	0	+	27384	0.0	chr5_80713494_80713859	MSH3	GRN_RUNX1
0.0	0.0	1.0	chr5	80754902	80755974	259613	chr5	80554651	80876815	MSH3	0	+	27384	0.0	chr5_80754902_80755974	MSH3	GRN_RUNX1
0.0	0.0	1.0	chr5	80793238	80794074	259620	chr5	80554651	80876815	MSH3	0	+	27384	0.0	chr5_80793238_80794074	MSH3	GRN_RUNX1
1.0	1.0	0.0	chr5	80806852	80807199	259623	chr5	80554651	80876815	MSH3	0	+	27384	0.0	chr5_80806852_80807199	MSH3	GRN_RUNX1
0.0	0.0	1.0	chr5	80837763	80838339	259630	chr5	80554651	80876815	MSH3	0	+	27384	0.0	chr5_80837763_80838339	MSH3	GRN_RUNX1
0.0	0.0	1.0	chr5	80846341	80846836	259631	chr5	80554651	80876815	MSH3	0	+	27384	0.0	chr5_80846341_80846836	MSH3	GRN_RUNX1
0.0	0.0	1.0	chr5	80870355	80872504	259633	chr5	80554651	80876815	MSH3	0	+	27384	0.0	chr5_80870355_80872504	MSH3	GRN_RUNX1
0.0	0.0	1.0	chr5	83029486	83030493	260006	chr5	82977394	83177394	TMEM167A	0	-	36043	22352.0	chr5_83029486_83030493	TMEM167A	GRN_RUNX1
0.0	0.0	1.0	chr5	95614512	95615307	260905	chr5	95613521	95795123	RHOBTB3	0	+	31779	93214.0	chr5_95614512_95615307	RHOBTB3	GRN_RUNX1
0.0	0.0	1.0	chr5	95644282	95644589	260910	chr5	95613521	95795123	RHOBTB3	0	+	31779	63932.0	chr5_95644282_95644589	RHOBTB3	GRN_RUNX1
0.0	0.0	1.0	chr5	95695837	95696151	260925	chr5	95613521	95795123	RHOBTB3	0	+	31779	12370.0	chr5_95695837_95696151	RHOBTB3	GRN_RUNX1
0.0	0.0	1.0	chr5	95758460	95759228	260944	chr5	95613521	95795123	RHOBTB3	0	+	31779	0.0	chr5_95758460_95759228	RHOBTB3	GRN_RUNX1
0.0	0.0	1.0	chr5	116002058	116002771	262681	chr5	115985024	116293287	COMMD10	0	+	4028	77253.0	chr5_116002058_116002771	COMMD10	GRN_CUX1
0.0	0.0	1.0	chr5	116002058	116002771	262681	chr5	115985024	116293287	COMMD10	0	+	4028	77253.0	chr5_116002058_116002771	COMMD10	GRN_RUNX1
1.0	0.0	1.0	chr5	116003317	116004706	262682	chr5	115985024	116293287	COMMD10	0	+	4028	75318.0	chr5_116003317_116004706	COMMD10	GRN_CUX1
1.0	0.0	1.0	chr5	116003317	116004706	262682	chr5	115985024	116293287	COMMD10	0	+	4028	75318.0	chr5_116003317_116004706	COMMD10	GRN_RUNX1
0.0	0.0	1.0	chr5	116035032	116036022	262689	chr5	115985024	116293287	COMMD10	0	+	4028	44002.0	chr5_116035032_116036022	COMMD10	GRN_CUX1
0.0	0.0	1.0	chr5	116035032	116036022	262689	chr5	115985024	116293287	COMMD10	0	+	4028	44002.0	chr5_116035032_116036022	COMMD10	GRN_RUNX1
0.0	0.0	1.0	chr5	116145443	116145839	262709	chr5	115985024	116293287	COMMD10	0	+	4028	0.0	chr5_116145443_116145839	COMMD10	GRN_CUX1
0.0	0.0	1.0	chr5	116145443	116145839	262709	chr5	115985024	116293287	COMMD10	0	+	4028	0.0	chr5_116145443_116145839	COMMD10	GRN_RUNX1
0.0	0.0	1.0	chr5	116271428	116271704	262711	chr5	115985024	116293287	COMMD10	0	+	4028	0.0	chr5_116271428_116271704	COMMD10	GRN_CUX1
0.0	0.0	1.0	chr5	116271428	116271704	262711	chr5	115985024	116293287	COMMD10	0	+	4028	0.0	chr5_116271428_116271704	COMMD10	GRN_RUNX1
0.0	0.0	1.0	chr6	2973668	2973966	271798	chr6	2963966	3090932	RIPK1	0	+	31834	85000.0	chr6_2973668_2973966	RIPK1	GRN_RUNX1
0.0	0.0	1.0	chr6	3001753	3002160	271807	chr6	2963966	3090932	RIPK1	0	+	31834	56806.0	chr6_3001753_3002160	RIPK1	GRN_RUNX1
0.0	0.0	1.0	chr6	3025517	3025784	271813	chr6	2963966	3090932	RIPK1	0	+	31834	33182.0	chr6_3025517_3025784	RIPK1	GRN_RUNX1
0.0	0.0	1.0	chr6	3083775	3084382	271829	chr6	2963966	3090932	RIPK1	0	+	31834	0.0	chr6_3083775_3084382	RIPK1	GRN_RUNX1
0.0	0.0	1.0	chr6	20476548	20476916	275204	chr6	20434456	21135778	CDKAL1	0	+	3246	52540.0	chr6_20476548_20476916	CDKAL1	GRN_CUX1
0.0	0.0	1.0	chr6	20491329	20492419	275206	chr6	20434456	21135778	CDKAL1	0	+	3246	37037.0	chr6_20491329_20492419	CDKAL1	GRN_CUX1
0.0	0.0	1.0	chr6	20497257	20497831	275208	chr6	20434456	21135778	CDKAL1	0	+	3246	31625.0	chr6_20497257_20497831	CDKAL1	GRN_CUX1
0.0	0.0	1.0	chr6	20508338	20509109	275209	chr6	20434456	21135778	CDKAL1	0	+	3246	20347.0	chr6_20508338_20509109	CDKAL1	GRN_CUX1
0.0	0.0	1.0	chr6	20584142	20585011	275229	chr6	20434456	21135778	CDKAL1	0	+	3246	0.0	chr6_20584142_20585011	CDKAL1	GRN_CUX1
0.0	0.0	1.0	chr6	20596674	20596879	275233	chr6	20434456	21135778	CDKAL1	0	+	3246	0.0	chr6_20596674_20596879	CDKAL1	GRN_CUX1
0.0	0.0	1.0	chr6	20630740	20631901	275238	chr6	20434456	21135778	CDKAL1	0	+	3246	0.0	chr6_20630740_20631901	CDKAL1	GRN_CUX1
0.0	0.0	1.0	chr6	20657911	20658309	275243	chr6	20434456	21135778	CDKAL1	0	+	3246	0.0	chr6_20657911_20658309	CDKAL1	GRN_CUX1
0.0	0.0	1.0	chr6	20686190	20686461	275250	chr6	20434456	21135778	CDKAL1	0	+	3246	0.0	chr6_20686190_20686461	CDKAL1	GRN_CUX1
0.0	0.0	1.0	chr6	20688134	20689421	275251	chr6	20434456	21135778	CDKAL1	0	+	3246	0.0	chr6_20688134_20689421	CDKAL1	GRN_CUX1
0.0	0.0	1.0	chr6	20693075	20695042	275252	chr6	20434456	21135778	CDKAL1	0	+	3246	0.0	chr6_20693075_20695042	CDKAL1	GRN_CUX1
0.0	0.0	1.0	chr6	20719797	20720547	275262	chr6	20434456	21135778	CDKAL1	0	+	3246	0.0	chr6_20719797_20720547	CDKAL1	GRN_CUX1
0.0	0.0	1.0	chr6	20750008	20751562	275270	chr6	20434456	21135778	CDKAL1	0	+	3246	0.0	chr6_20750008_20751562	CDKAL1	GRN_CUX1
0.0	0.0	1.0	chr6	20819824	20820375	275282	chr6	20434456	21135778	CDKAL1	0	+	3246	0.0	chr6_20819824_20820375	CDKAL1	GRN_CUX1
0.0	0.0	1.0	chr6	20833831	20834345	275286	chr6	20434456	21135778	CDKAL1	0	+	3246	0.0	chr6_20833831_20834345	CDKAL1	GRN_CUX1
0.0	0.0	1.0	chr6	20845659	20847038	275290	chr6	20434456	21135778	CDKAL1	0	+	3246	0.0	chr6_20845659_20847038	CDKAL1	GRN_CUX1
0.0	0.0	1.0	chr6	20868317	20868909	275297	chr6	20434456	21135778	CDKAL1	0	+	3246	0.0	chr6_20868317_20868909	CDKAL1	GRN_CUX1
0.0	0.0	1.0	chr6	20877023	20878986	275299	chr6	20434456	21135778	CDKAL1	0	+	3246	0.0	chr6_20877023_20878986	CDKAL1	GRN_CUX1
0.0	0.0	1.0	chr6	20998248	20998538	275311	chr6	20434456	21135778	CDKAL1	0	+	3246	0.0	chr6_20998248_20998538	CDKAL1	GRN_CUX1
0.0	0.0	1.0	chr6	21065032	21065346	275324	chr6	20434456	21135778	CDKAL1	0	+	3246	0.0	chr6_21065032_21065346	CDKAL1	GRN_CUX1
1.0	0.0	0.0	chr6	21066600	21067835	275325	chr6	20434456	21135778	CDKAL1	0	+	3246	0.0	chr6_21066600_21067835	CDKAL1	GRN_CUX1
0.0	0.0	1.0	chr6	47426664	47427296	280443	chr6	47377745	47603917	CD2AP	0	+	3071	45449.0	chr6_47426664_47427296	CD2AP	GRN_CUX1
1.0	0.0	0.0	chr6	47459770	47461608	280451	chr6	47377745	47603917	CD2AP	0	+	3071	11137.0	chr6_47459770_47461608	CD2AP	GRN_CUX1
0.0	1.0	1.0	chr6	47484596	47485304	280456	chr6	47377745	47603917	CD2AP	0	+	3071	0.0	chr6_47484596_47485304	CD2AP	GRN_CUX1
0.0	0.0	1.0	chr6	47520210	47520862	280467	chr6	47377745	47603917	CD2AP	0	+	3071	0.0	chr6_47520210_47520862	CD2AP	GRN_CUX1
0.0	0.0	1.0	chr6	47550324	47550593	280475	chr6	47377745	47603917	CD2AP	0	+	3071	0.0	chr6_47550324_47550593	CD2AP	GRN_CUX1
0.0	0.0	1.0	chr6	47571310	47572376	280481	chr6	47377745	47603917	CD2AP	0	+	3071	0.0	chr6_47571310_47572376	CD2AP	GRN_CUX1
0.0	1.0	0.0	chr6	75526245	75526829	282345	chr6	75501508	75679867	SENP6	0	+	32813	69679.0	chr6_75526245_75526829	SENP6	GRN_CUX1
1.0	1.0	0.0	chr6	75579802	75581074	282360	chr6	75501508	75679867	SENP6	0	+	32813	15434.0	chr6_75579802_75581074	SENP6	GRN_CUX1
0.0	0.0	1.0	chr6	75611843	75612557	282364	chr6	75501508	75679867	SENP6	0	+	32813	0.0	chr6_75611843_75612557	SENP6	GRN_CUX1
0.0	1.0	0.0	chr6	75631705	75632385	282369	chr6	75501508	75679867	SENP6	0	+	32813	0.0	chr6_75631705_75632385	SENP6	GRN_CUX1
0.0	1.0	0.0	chr6	85494439	85495336	283366	chr6	85494156	85694156	SNX14	0	-	34443	10159.0	chr6_85494439_85495336	SNX14	GRN_RUNX1
1.0	0.0	1.0	chr6	85619937	85620719	283386	chr6	85494156	85694156	SNX14	0	-	34443	20781.0	chr6_85619937_85620719	SNX14	GRN_RUNX1
0.0	0.0	1.0	chr6	85689953	85690330	283400	chr6	85494156	85694156	SNX14	0	-	34443	90797.0	chr6_85689953_85690330	SNX14	GRN_RUNX1
0.0	0.0	1.0	chr6	88629855	88630111	283748	chr6	88609896	89063618	RNGTT	0	-	32030	0.0	chr6_88629855_88630111	RNGTT	GRN_CUX1
0.0	0.0	1.0	chr6	88629855	88630111	283748	chr6	88609896	89063618	RNGTT	0	-	32030	0.0	chr6_88629855_88630111	RNGTT	GRN_RUNX1
1.0	1.0	0.0	chr6	88717498	88718289	283759	chr6	88609896	89063618	RNGTT	0	-	32030	0.0	chr6_88717498_88718289	RNGTT	GRN_CUX1
1.0	1.0	0.0	chr6	88717498	88718289	283759	chr6	88609896	89063618	RNGTT	0	-	32030	0.0	chr6_88717498_88718289	RNGTT	GRN_RUNX1
0.0	0.0	1.0	chr6	88916744	88917118	283784	chr6	88609896	89063618	RNGTT	0	-	32030	0.0	chr6_88916744_88917118	RNGTT	GRN_CUX1
0.0	0.0	1.0	chr6	88916744	88917118	283784	chr6	88609896	89063618	RNGTT	0	-	32030	0.0	chr6_88916744_88917118	RNGTT	GRN_RUNX1
0.0	0.0	1.0	chr6	88996927	88997717	283796	chr6	88609896	89063618	RNGTT	0	-	32030	28309.0	chr6_88996927_88997717	RNGTT	GRN_CUX1
0.0	0.0	1.0	chr6	88996927	88997717	283796	chr6	88609896	89063618	RNGTT	0	-	32030	28309.0	chr6_88996927_88997717	RNGTT	GRN_RUNX1
0.0	0.0	1.0	chr6	89001318	89001678	283797	chr6	88609896	89063618	RNGTT	0	-	32030	32700.0	chr6_89001318_89001678	RNGTT	GRN_CUX1
0.0	0.0	1.0	chr6	89001318	89001678	283797	chr6	88609896	89063618	RNGTT	0	-	32030	32700.0	chr6_89001318_89001678	RNGTT	GRN_RUNX1
0.0	0.0	1.0	chr6	89062832	89063040	283813	chr6	88609896	89063618	RNGTT	0	-	32030	94214.0	chr6_89062832_89063040	RNGTT	GRN_CUX1
0.0	0.0	1.0	chr6	89062832	89063040	283813	chr6	88609896	89063618	RNGTT	0	-	32030	94214.0	chr6_89062832_89063040	RNGTT	GRN_RUNX1
0.0	0.0	1.0	chr6	125903378	125904006	287588	chr6	125886429	126039276	TRMT11	0	+	36673	77423.0	chr6_125903378_125904006	TRMT11	GRN_RUNX1
0.0	0.0	1.0	chr6	125904412	125905307	287589	chr6	125886429	126039276	TRMT11	0	+	36673	76122.0	chr6_125904412_125905307	TRMT11	GRN_RUNX1
0.0	0.0	1.0	chr6	125906400	125906735	287590	chr6	125886429	126039276	TRMT11	0	+	36673	74694.0	chr6_125906400_125906735	TRMT11	GRN_RUNX1
0.0	0.0	1.0	chr6	125923087	125923786	287594	chr6	125886429	126039276	TRMT11	0	+	36673	57643.0	chr6_125923087_125923786	TRMT11	GRN_RUNX1
0.0	1.0	0.0	chr6	125964665	125965691	287607	chr6	125886429	126039276	TRMT11	0	+	36673	15738.0	chr6_125964665_125965691	TRMT11	GRN_RUNX1
0.0	0.0	1.0	chr6	126015255	126016062	287619	chr6	125886429	126039276	TRMT11	0	+	36673	0.0	chr6_126015255_126016062	TRMT11	GRN_RUNX1
1.0	1.0	1.0	chr6	143441295	143442566	290224	chr6	143411720	143611720	FUCA2	0	-	7143	52245.0	chr6_143441295_143442566	FUCA2	GRN_RUNX1
0.0	0.0	1.0	chr6	143490400	143492369	290230	chr6	143411720	143611720	FUCA2	0	-	7143	2442.0	chr6_143490400_143492369	FUCA2	GRN_RUNX1
0.0	0.0	1.0	chr6	143510447	143512167	290233	chr6	143411720	143611720	FUCA2	0	-	7143	0.0	chr6_143510447_143512167	FUCA2	GRN_RUNX1
1.0	0.0	0.0	chr6	143542882	143543239	290241	chr6	143411720	143611720	FUCA2	0	-	7143	26162.0	chr6_143542882_143543239	FUCA2	GRN_RUNX1
0.0	0.0	1.0	chr6	143549646	143549927	290243	chr6	143411720	143611720	FUCA2	0	-	7143	32926.0	chr6_143549646_143549927	FUCA2	GRN_RUNX1
0.0	0.0	1.0	chr6	143554546	143555777	290245	chr6	143411720	143611720	FUCA2	0	-	7143	37826.0	chr6_143554546_143555777	FUCA2	GRN_RUNX1
0.0	0.0	1.0	chr6	143560552	143561917	290247	chr6	143411720	143611720	FUCA2	0	-	7143	43832.0	chr6_143560552_143561917	FUCA2	GRN_RUNX1
0.0	0.0	1.0	chr6	143566978	143567785	290248	chr6	143411720	143611720	FUCA2	0	-	7143	50258.0	chr6_143566978_143567785	FUCA2	GRN_RUNX1
0.0	1.0	0.0	chr6	143570158	143570756	290250	chr6	143411720	143611720	FUCA2	0	-	7143	53438.0	chr6_143570158_143570756	FUCA2	GRN_RUNX1
0.0	1.0	0.0	chr6	143592014	143592912	290258	chr6	143411720	143611720	FUCA2	0	-	7143	75294.0	chr6_143592014_143592912	FUCA2	GRN_RUNX1
0.0	0.0	1.0	chr7	56139701	56140412	302688	chr7	56006630	56206630	CHCHD2	0	-	3530	28071.0	chr7_56139701_56140412	CHCHD2	GRN_RUNX1
0.0	0.0	1.0	chr7	71851835	71852500	303754	chr7	71779490	72604271	CALN1	0	-	2560	0.0	chr7_71851835_71852500	CALN1	GRN_RUNX1
0.0	0.0	1.0	chr7	71875567	71876071	303760	chr7	71779490	72604271	CALN1	0	-	2560	0.0	chr7_71875567_71876071	CALN1	GRN_RUNX1
0.0	0.0	1.0	chr7	71900546	71900974	303765	chr7	71779490	72604271	CALN1	0	-	2560	0.0	chr7_71900546_71900974	CALN1	GRN_RUNX1
0.0	0.0	1.0	chr7	71995506	71996517	303784	chr7	71779490	72604271	CALN1	0	-	2560	0.0	chr7_71995506_71996517	CALN1	GRN_RUNX1
0.0	0.0	1.0	chr7	72039270	72039705	303790	chr7	71779490	72604271	CALN1	0	-	2560	0.0	chr7_72039270_72039705	CALN1	GRN_RUNX1
0.0	1.0	0.0	chr7	72122417	72124251	303803	chr7	71779490	72604271	CALN1	0	-	2560	0.0	chr7_72122417_72124251	CALN1	GRN_RUNX1
0.0	0.0	1.0	chr7	72313853	72314145	303838	chr7	71779490	72604271	CALN1	0	-	2560	0.0	chr7_72313853_72314145	CALN1	GRN_RUNX1
0.0	0.0	1.0	chr7	72476220	72476937	303871	chr7	71779490	72604271	CALN1	0	-	2560	0.0	chr7_72476220_72476937	CALN1	GRN_RUNX1
0.0	0.0	1.0	chr7	72502947	72504877	303875	chr7	71779490	72604271	CALN1	0	-	2560	0.0	chr7_72502947_72504877	CALN1	GRN_RUNX1
0.0	0.0	1.0	chr7	72523561	72524060	303880	chr7	71779490	72604271	CALN1	0	-	2560	14290.0	chr7_72523561_72524060	CALN1	GRN_RUNX1
0.0	0.0	1.0	chr7	72536094	72536362	303882	chr7	71779490	72604271	CALN1	0	-	2560	26823.0	chr7_72536094_72536362	CALN1	GRN_RUNX1
1.0	1.0	0.0	chr7	72538127	72539195	303883	chr7	71779490	72604271	CALN1	0	-	2560	28856.0	chr7_72538127_72539195	CALN1	GRN_RUNX1
0.0	0.0	1.0	chr7	72564800	72565387	303890	chr7	71779490	72604271	CALN1	0	-	2560	55529.0	chr7_72564800_72565387	CALN1	GRN_RUNX1
0.0	0.0	1.0	chr7	72586990	72587655	303893	chr7	71779490	72604271	CALN1	0	-	2560	77719.0	chr7_72586990_72587655	CALN1	GRN_RUNX1
0.0	0.0	1.0	chr7	96144111	96144485	306367	chr7	96120219	96422147	SLC25A13	0	-	33279	0.0	chr7_96144111_96144485	SLC25A13	GRN_CUX1
0.0	0.0	1.0	chr7	96177940	96178889	306372	chr7	96120219	96422147	SLC25A13	0	-	33279	0.0	chr7_96177940_96178889	SLC25A13	GRN_CUX1
0.0	0.0	1.0	chr7	96211648	96212528	306377	chr7	96120219	96422147	SLC25A13	0	-	33279	0.0	chr7_96211648_96212528	SLC25A13	GRN_CUX1
1.0	1.0	0.0	chr7	96217040	96218024	306378	chr7	96120219	96422147	SLC25A13	0	-	33279	0.0	chr7_96217040_96218024	SLC25A13	GRN_CUX1
0.0	0.0	1.0	chr7	96218696	96219924	306379	chr7	96120219	96422147	SLC25A13	0	-	33279	0.0	chr7_96218696_96219924	SLC25A13	GRN_CUX1
0.0	0.0	1.0	chr7	96224209	96225706	306380	chr7	96120219	96422147	SLC25A13	0	-	33279	0.0	chr7_96224209_96225706	SLC25A13	GRN_CUX1
0.0	0.0	1.0	chr7	96241824	96242151	306386	chr7	96120219	96422147	SLC25A13	0	-	33279	0.0	chr7_96241824_96242151	SLC25A13	GRN_CUX1
0.0	0.0	1.0	chr7	96284640	96285852	306395	chr7	96120219	96422147	SLC25A13	0	-	33279	0.0	chr7_96284640_96285852	SLC25A13	GRN_CUX1
0.0	0.0	1.0	chr7	96320627	96322504	306404	chr7	96120219	96422147	SLC25A13	0	-	33279	0.0	chr7_96320627_96322504	SLC25A13	GRN_CUX1
0.0	0.0	1.0	chr7	96408153	96409234	306422	chr7	96120219	96422147	SLC25A13	0	-	33279	81006.0	chr7_96408153_96409234	SLC25A13	GRN_CUX1
0.0	0.0	1.0	chr7	96414595	96415898	306424	chr7	96120219	96422147	SLC25A13	0	-	33279	87448.0	chr7_96414595_96415898	SLC25A13	GRN_CUX1
1.0	1.0	0.0	chr7	101814797	101817879	307466	chr7	101715990	102258233	CUX1	0	+	4500	0.0	chr7_101814797_101817879	CUX1	GRN_CUX1
0.0	0.0	1.0	chr7	101855838	101857327	307474	chr7	101715990	102258233	CUX1	0	+	4500	0.0	chr7_101855838_101857327	CUX1	GRN_CUX1
0.0	0.0	1.0	chr7	101881186	101881418	307478	chr7	101715990	102258233	CUX1	0	+	4500	0.0	chr7_101881186_101881418	CUX1	GRN_CUX1
0.0	0.0	1.0	chr7	101901708	101903759	307482	chr7	101715990	102258233	CUX1	0	+	4500	0.0	chr7_101901708_101903759	CUX1	GRN_CUX1
0.0	0.0	1.0	chr7	101910994	101913080	307483	chr7	101715990	102258233	CUX1	0	+	4500	0.0	chr7_101910994_101913080	CUX1	GRN_CUX1
1.0	1.0	0.0	chr7	101923722	101924590	307487	chr7	101715990	102258233	CUX1	0	+	4500	0.0	chr7_101923722_101924590	CUX1	GRN_CUX1
0.0	0.0	1.0	chr7	101941646	101942895	307492	chr7	101715990	102258233	CUX1	0	+	4500	0.0	chr7_101941646_101942895	CUX1	GRN_CUX1
1.0	0.0	0.0	chr7	101952501	101953733	307495	chr7	101715990	102258233	CUX1	0	+	4500	0.0	chr7_101952501_101953733	CUX1	GRN_CUX1
0.0	0.0	1.0	chr7	102151019	102151447	307530	chr7	101715990	102258233	CUX1	0	+	4500	0.0	chr7_102151019_102151447	CUX1	GRN_CUX1
0.0	0.0	1.0	chr7	102164326	102165516	307532	chr7	101715990	102258233	CUX1	0	+	4500	0.0	chr7_102164326_102165516	CUX1	GRN_CUX1
0.0	0.0	1.0	chr7	102178161	102178401	307534	chr7	101715990	102258233	CUX1	0	+	4500	0.0	chr7_102178161_102178401	CUX1	GRN_CUX1
0.0	0.0	1.0	chr7	102252204	102253203	307544	chr7	101715990	102258233	CUX1	0	+	4500	0.0	chr7_102252204_102253203	CUX1	GRN_CUX1
0.0	0.0	1.0	chr7	107208142	107209195	308526	chr7	107201743	107664514	COG5	0	-	3961	0.0	chr7_107208142_107209195	COG5	GRN_RUNX1
0.0	0.0	1.0	chr7	107232759	107233472	308530	chr7	107201743	107664514	COG5	0	-	3961	0.0	chr7_107232759_107233472	COG5	GRN_RUNX1
0.0	0.0	1.0	chr7	107281355	107281833	308540	chr7	107201743	107664514	COG5	0	-	3961	0.0	chr7_107281355_107281833	COG5	GRN_RUNX1
1.0	0.0	0.0	chr7	107302278	107302966	308547	chr7	107201743	107664514	COG5	0	-	3961	0.0	chr7_107302278_107302966	COG5	GRN_RUNX1
0.0	0.0	1.0	chr7	107308855	107309627	308550	chr7	107201743	107664514	COG5	0	-	3961	0.0	chr7_107308855_107309627	COG5	GRN_RUNX1
0.0	0.0	1.0	chr7	107428239	107428564	308570	chr7	107201743	107664514	COG5	0	-	3961	0.0	chr7_107428239_107428564	COG5	GRN_RUNX1
0.0	0.0	1.0	chr7	107451978	107452179	308574	chr7	107201743	107664514	COG5	0	-	3961	0.0	chr7_107451978_107452179	COG5	GRN_RUNX1
1.0	1.0	0.0	chr7	107462353	107465041	308575	chr7	107201743	107664514	COG5	0	-	3961	0.0	chr7_107462353_107465041	COG5	GRN_RUNX1
0.0	0.0	1.0	chr7	107563138	107565356	308588	chr7	107201743	107664514	COG5	0	-	3961	0.0	chr7_107563138_107565356	COG5	GRN_RUNX1
0.0	1.0	0.0	chr7	107615978	107616475	308597	chr7	107201743	107664514	COG5	0	-	3961	46464.0	chr7_107615978_107616475	COG5	GRN_RUNX1
0.0	0.0	1.0	chr7	107631241	107632115	308601	chr7	107201743	107664514	COG5	0	-	3961	61727.0	chr7_107631241_107632115	COG5	GRN_RUNX1
0.0	0.0	1.0	chr7	107642456	107643739	308603	chr7	107201743	107664514	COG5	0	-	3961	72942.0	chr7_107642456_107643739	COG5	GRN_RUNX1
1.0	0.0	0.0	chr7	110758390	110759533	308901	chr7	110662644	111662531	IMMP2L	0	-	9185	0.0	chr7_110758390_110759533	IMMP2L	GRN_CUX1
1.0	1.0	0.0	chr7	110844372	110845105	308916	chr7	110662644	111662531	IMMP2L	0	-	9185	0.0	chr7_110844372_110845105	IMMP2L	GRN_CUX1
1.0	1.0	0.0	chr7	110856705	110857110	308919	chr7	110662644	111662531	IMMP2L	0	-	9185	0.0	chr7_110856705_110857110	IMMP2L	GRN_CUX1
0.0	0.0	1.0	chr7	110866284	110866538	308921	chr7	110662644	111662531	IMMP2L	0	-	9185	0.0	chr7_110866284_110866538	IMMP2L	GRN_CUX1
0.0	0.0	1.0	chr7	110872400	110872809	308924	chr7	110662644	111662531	IMMP2L	0	-	9185	0.0	chr7_110872400_110872809	IMMP2L	GRN_CUX1
1.0	1.0	1.0	chr7	110993155	110995775	308944	chr7	110662644	111662531	IMMP2L	0	-	9185	0.0	chr7_110993155_110995775	IMMP2L	GRN_CUX1
0.0	0.0	1.0	chr7	111050815	111051149	308961	chr7	110662644	111662531	IMMP2L	0	-	9185	0.0	chr7_111050815_111051149	IMMP2L	GRN_CUX1
0.0	0.0	1.0	chr7	111066624	111067572	308964	chr7	110662644	111662531	IMMP2L	0	-	9185	0.0	chr7_111066624_111067572	IMMP2L	GRN_CUX1
0.0	0.0	1.0	chr7	111098105	111098959	308972	chr7	110662644	111662531	IMMP2L	0	-	9185	0.0	chr7_111098105_111098959	IMMP2L	GRN_CUX1
0.0	0.0	1.0	chr7	111108627	111108852	308974	chr7	110662644	111662531	IMMP2L	0	-	9185	0.0	chr7_111108627_111108852	IMMP2L	GRN_CUX1
0.0	0.0	1.0	chr7	111173379	111174160	308985	chr7	110662644	111662531	IMMP2L	0	-	9185	0.0	chr7_111173379_111174160	IMMP2L	GRN_CUX1
0.0	1.0	0.0	chr7	111190551	111191190	308987	chr7	110662644	111662531	IMMP2L	0	-	9185	0.0	chr7_111190551_111191190	IMMP2L	GRN_CUX1
0.0	0.0	1.0	chr7	111191809	111192008	308988	chr7	110662644	111662531	IMMP2L	0	-	9185	0.0	chr7_111191809_111192008	IMMP2L	GRN_CUX1
0.0	0.0	1.0	chr7	111198114	111198734	308990	chr7	110662644	111662531	IMMP2L	0	-	9185	0.0	chr7_111198114_111198734	IMMP2L	GRN_CUX1
0.0	0.0	1.0	chr7	111263318	111263818	309000	chr7	110662644	111662531	IMMP2L	0	-	9185	0.0	chr7_111263318_111263818	IMMP2L	GRN_CUX1
0.0	0.0	1.0	chr7	111274392	111275253	309002	chr7	110662644	111662531	IMMP2L	0	-	9185	0.0	chr7_111274392_111275253	IMMP2L	GRN_CUX1
0.0	0.0	1.0	chr7	111327806	111329915	309011	chr7	110662644	111662531	IMMP2L	0	-	9185	0.0	chr7_111327806_111329915	IMMP2L	GRN_CUX1
0.0	0.0	1.0	chr7	111356496	111358225	309012	chr7	110662644	111662531	IMMP2L	0	-	9185	0.0	chr7_111356496_111358225	IMMP2L	GRN_CUX1
0.0	0.0	1.0	chr7	111372344	111372871	309016	chr7	110662644	111662531	IMMP2L	0	-	9185	0.0	chr7_111372344_111372871	IMMP2L	GRN_CUX1
0.0	0.0	1.0	chr7	111438338	111440809	309024	chr7	110662644	111662531	IMMP2L	0	-	9185	0.0	chr7_111438338_111440809	IMMP2L	GRN_CUX1
1.0	1.0	0.0	chr7	111459291	111460204	309026	chr7	110662644	111662531	IMMP2L	0	-	9185	0.0	chr7_111459291_111460204	IMMP2L	GRN_CUX1
0.0	1.0	0.0	chr7	111491324	111491628	309033	chr7	110662644	111662531	IMMP2L	0	-	9185	0.0	chr7_111491324_111491628	IMMP2L	GRN_CUX1
1.0	0.0	0.0	chr7	128658204	128659264	311075	chr7	128639358	128773400	CALU	0	+	2564	75094.0	chr7_128658204_128659264	CALU	GRN_RUNX1
0.0	0.0	1.0	chr7	128662217	128662765	311077	chr7	128639358	128773400	CALU	0	+	2564	71593.0	chr7_128662217_128662765	CALU	GRN_RUNX1
0.0	0.0	1.0	chr7	135420362	135421333	312625	chr7	135361794	135610127	CNOT4	0	-	3903	0.0	chr7_135420362_135421333	CNOT4	GRN_CUX1
0.0	0.0	1.0	chr7	135420362	135421333	312625	chr7	135361794	135610127	CNOT4	0	-	3903	0.0	chr7_135420362_135421333	CNOT4	GRN_RUNX1
0.0	0.0	1.0	chr7	135433390	135434345	312629	chr7	135361794	135610127	CNOT4	0	-	3903	0.0	chr7_135433390_135434345	CNOT4	GRN_CUX1
0.0	0.0	1.0	chr7	135433390	135434345	312629	chr7	135361794	135610127	CNOT4	0	-	3903	0.0	chr7_135433390_135434345	CNOT4	GRN_RUNX1
0.0	0.0	1.0	chr7	135441779	135442158	312631	chr7	135361794	135610127	CNOT4	0	-	3903	0.0	chr7_135441779_135442158	CNOT4	GRN_CUX1
0.0	0.0	1.0	chr7	135441779	135442158	312631	chr7	135361794	135610127	CNOT4	0	-	3903	0.0	chr7_135441779_135442158	CNOT4	GRN_RUNX1
0.0	0.0	1.0	chr7	135458714	135460541	312637	chr7	135361794	135610127	CNOT4	0	-	3903	0.0	chr7_135458714_135460541	CNOT4	GRN_CUX1
0.0	0.0	1.0	chr7	135458714	135460541	312637	chr7	135361794	135610127	CNOT4	0	-	3903	0.0	chr7_135458714_135460541	CNOT4	GRN_RUNX1
0.0	0.0	1.0	chr7	135473573	135474610	312641	chr7	135361794	135610127	CNOT4	0	-	3903	0.0	chr7_135473573_135474610	CNOT4	GRN_CUX1
0.0	0.0	1.0	chr7	135473573	135474610	312641	chr7	135361794	135610127	CNOT4	0	-	3903	0.0	chr7_135473573_135474610	CNOT4	GRN_RUNX1
0.0	0.0	1.0	chr7	135518931	135519827	312654	chr7	135361794	135610127	CNOT4	0	-	3903	3804.0	chr7_135518931_135519827	CNOT4	GRN_CUX1
0.0	0.0	1.0	chr7	135518931	135519827	312654	chr7	135361794	135610127	CNOT4	0	-	3903	3804.0	chr7_135518931_135519827	CNOT4	GRN_RUNX1
0.0	1.0	1.0	chr7	135536762	135537089	312658	chr7	135361794	135610127	CNOT4	0	-	3903	21635.0	chr7_135536762_135537089	CNOT4	GRN_CUX1
0.0	1.0	1.0	chr7	135536762	135537089	312658	chr7	135361794	135610127	CNOT4	0	-	3903	21635.0	chr7_135536762_135537089	CNOT4	GRN_RUNX1
0.0	0.0	1.0	chr7	135557238	135558793	312666	chr7	135361794	135610127	CNOT4	0	-	3903	42111.0	chr7_135557238_135558793	CNOT4	GRN_CUX1
0.0	0.0	1.0	chr7	135557238	135558793	312666	chr7	135361794	135610127	CNOT4	0	-	3903	42111.0	chr7_135557238_135558793	CNOT4	GRN_RUNX1
1.0	0.0	0.0	chr7	135598441	135598784	312676	chr7	135361794	135610127	CNOT4	0	-	3903	83314.0	chr7_135598441_135598784	CNOT4	GRN_CUX1
1.0	0.0	0.0	chr7	135598441	135598784	312676	chr7	135361794	135610127	CNOT4	0	-	3903	83314.0	chr7_135598441_135598784	CNOT4	GRN_RUNX1
0.0	0.0	1.0	chr8	97559848	97560464	327834	chr8	97543971	97727886	MTDH	0	+	27442	78507.0	chr8_97559848_97560464	MTDH	GRN_RUNX1
0.0	0.0	1.0	chr8	98437690	98437955	328022	chr8	98434150	99044329	STK3	0	-	35015	0.0	chr8_98437690_98437955	STK3	GRN_CUX1
0.0	0.0	1.0	chr8	98466449	98466789	328027	chr8	98434150	99044329	STK3	0	-	35015	0.0	chr8_98466449_98466789	STK3	GRN_CUX1
0.0	0.0	1.0	chr8	98470243	98471397	328028	chr8	98434150	99044329	STK3	0	-	35015	0.0	chr8_98470243_98471397	STK3	GRN_CUX1
0.0	0.0	1.0	chr8	98492709	98492928	328032	chr8	98434150	99044329	STK3	0	-	35015	0.0	chr8_98492709_98492928	STK3	GRN_CUX1
0.0	0.0	1.0	chr8	98513256	98514104	328034	chr8	98434150	99044329	STK3	0	-	35015	0.0	chr8_98513256_98514104	STK3	GRN_CUX1
0.0	0.0	1.0	chr8	98546871	98547477	328040	chr8	98434150	99044329	STK3	0	-	35015	0.0	chr8_98546871_98547477	STK3	GRN_CUX1
0.0	0.0	1.0	chr8	98574392	98574936	328044	chr8	98434150	99044329	STK3	0	-	35015	0.0	chr8_98574392_98574936	STK3	GRN_CUX1
0.0	0.0	1.0	chr8	98581053	98581510	328045	chr8	98434150	99044329	STK3	0	-	35015	0.0	chr8_98581053_98581510	STK3	GRN_CUX1
0.0	0.0	1.0	chr8	98605192	98606300	328049	chr8	98434150	99044329	STK3	0	-	35015	0.0	chr8_98605192_98606300	STK3	GRN_CUX1
1.0	0.0	0.0	chr8	98606597	98606984	328050	chr8	98434150	99044329	STK3	0	-	35015	0.0	chr8_98606597_98606984	STK3	GRN_CUX1
0.0	0.0	1.0	chr8	98725849	98727383	328059	chr8	98434150	99044329	STK3	0	-	35015	0.0	chr8_98725849_98727383	STK3	GRN_CUX1
1.0	0.0	0.0	chr8	98751060	98751738	328061	chr8	98434150	99044329	STK3	0	-	35015	0.0	chr8_98751060_98751738	STK3	GRN_CUX1
1.0	0.0	1.0	chr8	98796584	98797244	328070	chr8	98434150	99044329	STK3	0	-	35015	0.0	chr8_98796584_98797244	STK3	GRN_CUX1
1.0	1.0	0.0	chr8	98807239	98809307	328072	chr8	98434150	99044329	STK3	0	-	35015	0.0	chr8_98807239_98809307	STK3	GRN_CUX1
1.0	0.0	0.0	chr8	98824329	98826544	328077	chr8	98434150	99044329	STK3	0	-	35015	0.0	chr8_98824329_98826544	STK3	GRN_CUX1
0.0	0.0	1.0	chr8	98847161	98847706	328081	chr8	98434150	99044329	STK3	0	-	35015	0.0	chr8_98847161_98847706	STK3	GRN_CUX1
0.0	0.0	1.0	chr8	98926647	98927451	328101	chr8	98434150	99044329	STK3	0	-	35015	0.0	chr8_98926647_98927451	STK3	GRN_CUX1
0.0	0.0	1.0	chr8	98943913	98946350	328106	chr8	98434150	99044329	STK3	0	-	35015	0.0	chr8_98943913_98946350	STK3	GRN_CUX1
0.0	0.0	1.0	chr8	99011765	99014328	328117	chr8	98434150	99044329	STK3	0	-	35015	62436.0	chr8_99011765_99014328	STK3	GRN_CUX1
0.0	0.0	1.0	chr8	99033674	99035464	328118	chr8	98434150	99044329	STK3	0	-	35015	84345.0	chr8_99033674_99035464	STK3	GRN_CUX1
1.0	0.0	0.0	chr9	130625639	130626543	345094	chr9	130613880	130887675	ABL1	0	+	121	82337.0	chr9_130625639_130626543	ABL1	GRN_CUX1
0.0	0.0	1.0	chr9	130666781	130667520	345101	chr9	130613880	130887675	ABL1	0	+	121	41360.0	chr9_130666781_130667520	ABL1	GRN_CUX1
0.0	0.0	1.0	chr9	130692939	130694503	345106	chr9	130613880	130887675	ABL1	0	+	121	14377.0	chr9_130692939_130694503	ABL1	GRN_CUX1
0.0	0.0	1.0	chr9	130740173	130741138	345114	chr9	130613880	130887675	ABL1	0	+	121	0.0	chr9_130740173_130741138	ABL1	GRN_CUX1
0.0	0.0	1.0	chr9	130805116	130805743	345131	chr9	130613880	130887675	ABL1	0	+	121	0.0	chr9_130805116_130805743	ABL1	GRN_CUX1
1.0	1.0	0.0	chr9	137551070	137552588	346506	chr9	137519000	137836127	EHMT1	0	+	5699	61412.0	chr9_137551070_137552588	EHMT1	GRN_CUX1
0.0	0.0	1.0	chr9	137563895	137565197	346508	chr9	137519000	137836127	EHMT1	0	+	5699	48803.0	chr9_137563895_137565197	EHMT1	GRN_CUX1
0.0	0.0	1.0	chr9	137568569	137569201	346509	chr9	137519000	137836127	EHMT1	0	+	5699	44799.0	chr9_137568569_137569201	EHMT1	GRN_CUX1
0.0	0.0	1.0	chr9	137650156	137650981	346525	chr9	137519000	137836127	EHMT1	0	+	5699	0.0	chr9_137650156_137650981	EHMT1	GRN_CUX1
0.0	0.0	1.0	chr9	137657085	137657321	346526	chr9	137519000	137836127	EHMT1	0	+	5699	0.0	chr9_137657085_137657321	EHMT1	GRN_CUX1
0.0	0.0	1.0	chr9	137672883	137673093	346530	chr9	137519000	137836127	EHMT1	0	+	5699	0.0	chr9_137672883_137673093	EHMT1	GRN_CUX1
0.0	0.0	1.0	chr9	137694329	137695762	346536	chr9	137519000	137836127	EHMT1	0	+	5699	0.0	chr9_137694329_137695762	EHMT1	GRN_CUX1
0.0	0.0	1.0	chr9	137705496	137706159	346538	chr9	137519000	137836127	EHMT1	0	+	5699	0.0	chr9_137705496_137706159	EHMT1	GRN_CUX1
0.0	0.0	1.0	chr9	137744557	137744815	346549	chr9	137519000	137836127	EHMT1	0	+	5699	0.0	chr9_137744557_137744815	EHMT1	GRN_CUX1
0.0	0.0	1.0	chr9	137745424	137746267	346550	chr9	137519000	137836127	EHMT1	0	+	5699	0.0	chr9_137745424_137746267	EHMT1	GRN_CUX1
0.0	0.0	1.0	chr9	137757719	137758254	346551	chr9	137519000	137836127	EHMT1	0	+	5699	0.0	chr9_137757719_137758254	EHMT1	GRN_CUX1
0.0	0.0	1.0	chr9	137828137	137829085	346566	chr9	137519000	137836127	EHMT1	0	+	5699	0.0	chr9_137828137_137829085	EHMT1	GRN_CUX1
0.0	0.0	1.0	chr10	11056829	11057610	36977	chr10	11005488	11205488	CELF2-AS2	0	-	3333	13930.0	chr10_11056829_11057610	CELF2-AS2	GRN_RUNX1
0.0	0.0	1.0	chr10	11066362	11066915	36980	chr10	11005488	11205488	CELF2-AS2	0	-	3333	4625.0	chr10_11066362_11066915	CELF2-AS2	GRN_RUNX1
0.0	0.0	1.0	chr10	11083606	11083971	36982	chr10	11005488	11205488	CELF2-AS2	0	-	3333	0.0	chr10_11083606_11083971	CELF2-AS2	GRN_RUNX1
0.0	0.0	1.0	chr10	11088189	11089044	36983	chr10	11005488	11205488	CELF2-AS2	0	-	3333	0.0	chr10_11088189_11089044	CELF2-AS2	GRN_RUNX1
0.0	0.0	1.0	chr10	11097736	11098857	36986	chr10	11005488	11205488	CELF2-AS2	0	-	3333	0.0	chr10_11097736_11098857	CELF2-AS2	GRN_RUNX1
0.0	0.0	1.0	chr10	11118312	11119094	36993	chr10	11005488	11205488	CELF2-AS2	0	-	3333	7824.0	chr10_11118312_11119094	CELF2-AS2	GRN_RUNX1
1.0	0.0	0.0	chr10	11140782	11142106	36999	chr10	11005488	11205488	CELF2-AS2	0	-	3333	30294.0	chr10_11140782_11142106	CELF2-AS2	GRN_RUNX1
1.0	1.0	0.0	chr10	11148809	11149783	37002	chr10	11005488	11205488	CELF2-AS2	0	-	3333	38321.0	chr10_11148809_11149783	CELF2-AS2	GRN_RUNX1
0.0	0.0	1.0	chr10	11162977	11163421	37004	chr10	11005488	11205488	CELF2-AS2	0	-	3333	52489.0	chr10_11162977_11163421	CELF2-AS2	GRN_RUNX1
0.0	0.0	1.0	chr10	11177615	11179093	37007	chr10	11005488	11205488	CELF2-AS2	0	-	3333	67127.0	chr10_11177615_11179093	CELF2-AS2	GRN_RUNX1
0.0	0.0	1.0	chr10	11191003	11193261	37009	chr10	11005488	11205488	CELF2-AS2	0	-	3333	80515.0	chr10_11191003_11193261	CELF2-AS2	GRN_RUNX1
0.0	0.0	1.0	chr10	11197141	11197725	37010	chr10	11005488	11205488	CELF2-AS2	0	-	3333	86653.0	chr10_11197141_11197725	CELF2-AS2	GRN_RUNX1
0.0	0.0	1.0	chr10	12036156	12036522	37213	chr10	11920021	12143170	UPF2	0	-	37255	0.0	chr10_12036156_12036522	UPF2	GRN_RUNX1
1.0	1.0	0.0	chr10	12103210	12103612	37225	chr10	11920021	12143170	UPF2	0	-	37255	55040.0	chr10_12103210_12103612	UPF2	GRN_RUNX1
0.0	0.0	1.0	chr10	21810439	21811500	38886	chr10	21803580	22103763	DNAJC1	0	-	5235	0.0	chr10_21810439_21811500	DNAJC1	GRN_CUX1
0.0	0.0	1.0	chr10	21810439	21811500	38886	chr10	21803580	22103763	DNAJC1	0	-	5235	0.0	chr10_21810439_21811500	DNAJC1	GRN_RUNX1
0.0	0.0	1.0	chr10	21859624	21859944	38890	chr10	21803580	22103763	DNAJC1	0	-	5235	0.0	chr10_21859624_21859944	DNAJC1	GRN_CUX1
0.0	0.0	1.0	chr10	21859624	21859944	38890	chr10	21803580	22103763	DNAJC1	0	-	5235	0.0	chr10_21859624_21859944	DNAJC1	GRN_RUNX1
0.0	0.0	1.0	chr10	21860479	21860977	38891	chr10	21803580	22103763	DNAJC1	0	-	5235	0.0	chr10_21860479_21860977	DNAJC1	GRN_CUX1
0.0	0.0	1.0	chr10	21860479	21860977	38891	chr10	21803580	22103763	DNAJC1	0	-	5235	0.0	chr10_21860479_21860977	DNAJC1	GRN_RUNX1
1.0	1.0	1.0	chr10	21950375	21951284	38916	chr10	21803580	22103763	DNAJC1	0	-	5235	0.0	chr10_21950375_21951284	DNAJC1	GRN_CUX1
1.0	1.0	1.0	chr10	21950375	21951284	38916	chr10	21803580	22103763	DNAJC1	0	-	5235	0.0	chr10_21950375_21951284	DNAJC1	GRN_RUNX1
0.0	0.0	1.0	chr10	21978134	21979340	38921	chr10	21803580	22103763	DNAJC1	0	-	5235	0.0	chr10_21978134_21979340	DNAJC1	GRN_CUX1
0.0	0.0	1.0	chr10	21978134	21979340	38921	chr10	21803580	22103763	DNAJC1	0	-	5235	0.0	chr10_21978134_21979340	DNAJC1	GRN_RUNX1
1.0	0.0	0.0	chr10	22002227	22004068	38927	chr10	21803580	22103763	DNAJC1	0	-	5235	0.0	chr10_22002227_22004068	DNAJC1	GRN_CUX1
1.0	0.0	0.0	chr10	22002227	22004068	38927	chr10	21803580	22103763	DNAJC1	0	-	5235	0.0	chr10_22002227_22004068	DNAJC1	GRN_RUNX1
0.0	0.0	1.0	chr10	22021753	22023801	38933	chr10	21803580	22103763	DNAJC1	0	-	5235	12990.0	chr10_22021753_22023801	DNAJC1	GRN_CUX1
0.0	0.0	1.0	chr10	22021753	22023801	38933	chr10	21803580	22103763	DNAJC1	0	-	5235	12990.0	chr10_22021753_22023801	DNAJC1	GRN_RUNX1
0.0	0.0	1.0	chr10	22052834	22053380	38937	chr10	21803580	22103763	DNAJC1	0	-	5235	44071.0	chr10_22052834_22053380	DNAJC1	GRN_CUX1
0.0	0.0	1.0	chr10	22052834	22053380	38937	chr10	21803580	22103763	DNAJC1	0	-	5235	44071.0	chr10_22052834_22053380	DNAJC1	GRN_RUNX1
0.0	0.0	1.0	chr10	22534344	22535346	39045	chr10	22534853	22814578	PIP4K2A	0	-	30006	0.0	chr10_22534344_22535346	PIP4K2A	GRN_RUNX1
0.0	0.0	1.0	chr10	22550670	22551380	39050	chr10	22534853	22814578	PIP4K2A	0	-	30006	0.0	chr10_22550670_22551380	PIP4K2A	GRN_RUNX1
0.0	0.0	1.0	chr10	22606018	22606688	39064	chr10	22534853	22814578	PIP4K2A	0	-	30006	0.0	chr10_22606018_22606688	PIP4K2A	GRN_RUNX1
0.0	0.0	1.0	chr10	22623430	22624643	39070	chr10	22534853	22814578	PIP4K2A	0	-	30006	0.0	chr10_22623430_22624643	PIP4K2A	GRN_RUNX1
0.0	0.0	1.0	chr10	22627260	22627748	39071	chr10	22534853	22814578	PIP4K2A	0	-	30006	0.0	chr10_22627260_22627748	PIP4K2A	GRN_RUNX1
0.0	0.0	1.0	chr10	22629944	22632224	39072	chr10	22534853	22814578	PIP4K2A	0	-	30006	0.0	chr10_22629944_22632224	PIP4K2A	GRN_RUNX1
0.0	0.0	1.0	chr10	22652803	22653541	39077	chr10	22534853	22814578	PIP4K2A	0	-	30006	0.0	chr10_22652803_22653541	PIP4K2A	GRN_RUNX1
0.0	1.0	0.0	chr10	22666247	22666790	39081	chr10	22534853	22814578	PIP4K2A	0	-	30006	0.0	chr10_22666247_22666790	PIP4K2A	GRN_RUNX1
0.0	0.0	1.0	chr10	22682238	22684058	39088	chr10	22534853	22814578	PIP4K2A	0	-	30006	0.0	chr10_22682238_22684058	PIP4K2A	GRN_RUNX1
0.0	0.0	1.0	chr10	22697199	22698156	39093	chr10	22534853	22814578	PIP4K2A	0	-	30006	0.0	chr10_22697199_22698156	PIP4K2A	GRN_RUNX1
0.0	0.0	1.0	chr10	22720548	22721014	39099	chr10	22534853	22814578	PIP4K2A	0	-	30006	970.0	chr10_22720548_22721014	PIP4K2A	GRN_RUNX1
0.0	0.0	1.0	chr10	22751478	22752070	39111	chr10	22534853	22814578	PIP4K2A	0	-	30006	31900.0	chr10_22751478_22752070	PIP4K2A	GRN_RUNX1
0.0	0.0	1.0	chr10	22778729	22779864	39115	chr10	22534853	22814578	PIP4K2A	0	-	30006	59151.0	chr10_22778729_22779864	PIP4K2A	GRN_RUNX1
0.0	0.0	1.0	chr10	22810598	22811326	39121	chr10	22534853	22814578	PIP4K2A	0	-	30006	91020.0	chr10_22810598_22811326	PIP4K2A	GRN_RUNX1
0.0	0.0	1.0	chr10	26868955	26869871	39778	chr10	26746595	26961087	ABI1	0	-	116	2868.0	chr10_26868955_26869871	ABI1	GRN_RUNX1
0.0	0.0	1.0	chr10	26890383	26891215	39783	chr10	26746595	26961087	ABI1	0	-	116	24296.0	chr10_26890383_26891215	ABI1	GRN_RUNX1
0.0	0.0	1.0	chr10	26959748	26960544	39803	chr10	26746595	26961087	ABI1	0	-	116	93661.0	chr10_26959748_26960544	ABI1	GRN_RUNX1
0.0	0.0	1.0	chr10	28436260	28436999	40058	chr10	28432771	28620999	WAC	0	+	37606	90772.0	chr10_28436260_28436999	WAC	GRN_RUNX1
0.0	0.0	1.0	chr10	28448900	28449296	40061	chr10	28432771	28620999	WAC	0	+	37606	78475.0	chr10_28448900_28449296	WAC	GRN_RUNX1
0.0	0.0	1.0	chr10	28478837	28479782	40068	chr10	28432771	28620999	WAC	0	+	37606	47989.0	chr10_28478837_28479782	WAC	GRN_RUNX1
0.0	0.0	1.0	chr10	28616609	28617049	40104	chr10	28432771	28620999	WAC	0	+	37606	0.0	chr10_28616609_28617049	WAC	GRN_RUNX1
1.0	0.0	0.0	chr10	63192138	63193127	44466	chr10	63167224	63621890	JMJD1C	0	-	9488	0.0	chr10_63192138_63193127	JMJD1C	GRN_CUX1
0.0	0.0	1.0	chr10	63210522	63211845	44468	chr10	63167224	63621890	JMJD1C	0	-	9488	0.0	chr10_63210522_63211845	JMJD1C	GRN_CUX1
1.0	1.0	0.0	chr10	63221699	63222220	44471	chr10	63167224	63621890	JMJD1C	0	-	9488	0.0	chr10_63221699_63222220	JMJD1C	GRN_CUX1
0.0	0.0	1.0	chr10	63236040	63237275	44474	chr10	63167224	63621890	JMJD1C	0	-	9488	0.0	chr10_63236040_63237275	JMJD1C	GRN_CUX1
0.0	0.0	1.0	chr10	63268701	63269449	44483	chr10	63167224	63621890	JMJD1C	0	-	9488	0.0	chr10_63268701_63269449	JMJD1C	GRN_CUX1
0.0	0.0	1.0	chr10	63284059	63285781	44485	chr10	63167224	63621890	JMJD1C	0	-	9488	0.0	chr10_63284059_63285781	JMJD1C	GRN_CUX1
0.0	0.0	1.0	chr10	63323099	63324812	44494	chr10	63167224	63621890	JMJD1C	0	-	9488	0.0	chr10_63323099_63324812	JMJD1C	GRN_CUX1
1.0	0.0	0.0	chr10	63464480	63466578	44531	chr10	63167224	63621890	JMJD1C	0	-	9488	0.0	chr10_63464480_63466578	JMJD1C	GRN_CUX1
0.0	0.0	1.0	chr10	63478329	63478909	44533	chr10	63167224	63621890	JMJD1C	0	-	9488	0.0	chr10_63478329_63478909	JMJD1C	GRN_CUX1
0.0	0.0	1.0	chr10	63514527	63515769	44541	chr10	63167224	63621890	JMJD1C	0	-	9488	0.0	chr10_63514527_63515769	JMJD1C	GRN_CUX1
1.0	0.0	0.0	chr10	63537257	63537850	44545	chr10	63167224	63621890	JMJD1C	0	-	9488	10367.0	chr10_63537257_63537850	JMJD1C	GRN_CUX1
0.0	0.0	1.0	chr10	63553468	63555028	44550	chr10	63167224	63621890	JMJD1C	0	-	9488	26578.0	chr10_63553468_63555028	JMJD1C	GRN_CUX1
1.0	1.0	0.0	chr10	63562253	63563708	44552	chr10	63167224	63621890	JMJD1C	0	-	9488	35363.0	chr10_63562253_63563708	JMJD1C	GRN_CUX1
0.0	0.0	1.0	chr10	63564345	63564590	44553	chr10	63167224	63621890	JMJD1C	0	-	9488	37455.0	chr10_63564345_63564590	JMJD1C	GRN_CUX1
1.0	0.0	1.0	chr10	63610754	63611382	44567	chr10	63167224	63621890	JMJD1C	0	-	9488	83864.0	chr10_63610754_63611382	JMJD1C	GRN_CUX1
0.0	0.0	1.0	chr10	63614282	63614646	44568	chr10	63167224	63621890	JMJD1C	0	-	9488	87392.0	chr10_63614282_63614646	JMJD1C	GRN_CUX1
0.0	0.0	1.0	chr10	92732715	92733155	48709	chr10	92726830	93059494	EXOC6	0	+	6137	88675.0	chr10_92732715_92733155	EXOC6	GRN_RUNX1
0.0	0.0	1.0	chr10	92838806	92839850	48734	chr10	92726830	93059494	EXOC6	0	+	6137	0.0	chr10_92838806_92839850	EXOC6	GRN_RUNX1
0.0	0.0	1.0	chr10	92880996	92881226	48742	chr10	92726830	93059494	EXOC6	0	+	6137	0.0	chr10_92880996_92881226	EXOC6	GRN_RUNX1
0.0	0.0	1.0	chr10	92990323	92992179	48755	chr10	92726830	93059494	EXOC6	0	+	6137	0.0	chr10_92990323_92992179	EXOC6	GRN_RUNX1
0.0	0.0	1.0	chr10	96038706	96039218	49140	chr10	96028905	96165512	ZNF518A	0	+	38440	84687.0	chr10_96038706_96039218	ZNF518A	GRN_RUNX1
0.0	0.0	1.0	chr10	96089273	96090751	49152	chr10	96028905	96165512	ZNF518A	0	+	38440	33154.0	chr10_96089273_96090751	ZNF518A	GRN_RUNX1
0.0	0.0	1.0	chr10	96122880	96125405	49159	chr10	96028905	96165512	ZNF518A	0	+	38440	0.0	chr10_96122880_96125405	ZNF518A	GRN_RUNX1
0.0	0.0	1.0	chr10	96129299	96130918	49160	chr10	96028905	96165512	ZNF518A	0	+	38440	0.0	chr10_96129299_96130918	ZNF518A	GRN_RUNX1
0.0	0.0	1.0	chr10	112359707	112360249	51057	chr10	112346987	112818744	VTI1A	0	+	37581	81738.0	chr10_112359707_112360249	VTI1A	GRN_CUX1
1.0	0.0	0.0	chr10	112395721	112396174	51069	chr10	112346987	112818744	VTI1A	0	+	37581	45813.0	chr10_112395721_112396174	VTI1A	GRN_CUX1
0.0	0.0	1.0	chr10	112419967	112420368	51078	chr10	112346987	112818744	VTI1A	0	+	37581	21619.0	chr10_112419967_112420368	VTI1A	GRN_CUX1
0.0	0.0	1.0	chr10	112471912	112472267	51086	chr10	112346987	112818744	VTI1A	0	+	37581	0.0	chr10_112471912_112472267	VTI1A	GRN_CUX1
0.0	0.0	1.0	chr10	112507259	112508423	51090	chr10	112346987	112818744	VTI1A	0	+	37581	0.0	chr10_112507259_112508423	VTI1A	GRN_CUX1
0.0	1.0	0.0	chr10	112633548	112634637	51099	chr10	112346987	112818744	VTI1A	0	+	37581	0.0	chr10_112633548_112634637	VTI1A	GRN_CUX1
0.0	0.0	1.0	chr11	65301497	65302405	61717	chr11	65286636	65413525	FRMD8	0	+	7090	79231.0	chr11_65301497_65302405	FRMD8	GRN_RUNX1
0.0	0.0	1.0	chr11	65338226	65339135	61726	chr11	65286636	65413525	FRMD8	0	+	7090	42501.0	chr11_65338226_65339135	FRMD8	GRN_RUNX1
0.0	0.0	1.0	chr12	6652284	6653047	71852	chr12	6507379	6707379	CHD4	0	-	3540	39905.0	chr12_6652284_6653047	CHD4	GRN_RUNX1
0.0	0.0	1.0	chr12	28108091	28108933	74025	chr12	28090445	28550166	CCDC91	0	+	2918	76512.0	chr12_28108091_28108933	CCDC91	GRN_CUX1
1.0	1.0	0.0	chr12	28110185	28110853	74026	chr12	28090445	28550166	CCDC91	0	+	2918	74592.0	chr12_28110185_28110853	CCDC91	GRN_CUX1
1.0	0.0	0.0	chr12	28122006	28123491	74030	chr12	28090445	28550166	CCDC91	0	+	2918	61954.0	chr12_28122006_28123491	CCDC91	GRN_CUX1
0.0	0.0	1.0	chr12	28135776	28136890	74033	chr12	28090445	28550166	CCDC91	0	+	2918	48555.0	chr12_28135776_28136890	CCDC91	GRN_CUX1
0.0	0.0	1.0	chr12	28147818	28148433	74037	chr12	28090445	28550166	CCDC91	0	+	2918	37012.0	chr12_28147818_28148433	CCDC91	GRN_CUX1
0.0	0.0	1.0	chr12	28155737	28157196	74039	chr12	28090445	28550166	CCDC91	0	+	2918	28249.0	chr12_28155737_28157196	CCDC91	GRN_CUX1
0.0	0.0	1.0	chr12	28221565	28222391	74050	chr12	28090445	28550166	CCDC91	0	+	2918	0.0	chr12_28221565_28222391	CCDC91	GRN_CUX1
0.0	0.0	1.0	chr12	28247929	28249425	74055	chr12	28090445	28550166	CCDC91	0	+	2918	0.0	chr12_28247929_28249425	CCDC91	GRN_CUX1
0.0	0.0	1.0	chr12	28320423	28320635	74064	chr12	28090445	28550166	CCDC91	0	+	2918	0.0	chr12_28320423_28320635	CCDC91	GRN_CUX1
0.0	1.0	0.0	chr12	28339676	28341308	74068	chr12	28090445	28550166	CCDC91	0	+	2918	0.0	chr12_28339676_28341308	CCDC91	GRN_CUX1
0.0	0.0	1.0	chr12	28527320	28528586	74082	chr12	28090445	28550166	CCDC91	0	+	2918	0.0	chr12_28527320_28528586	CCDC91	GRN_CUX1
0.0	0.0	1.0	chr12	28540368	28541098	74085	chr12	28090445	28550166	CCDC91	0	+	2918	0.0	chr12_28540368_28541098	CCDC91	GRN_CUX1
0.0	0.0	1.0	chr12	48730802	48731564	75992	chr12	48689146	48790535	ADCY6-DT	0	+	358	52582.0	chr12_48730802_48731564	ADCY6-DT	GRN_RUNX1
0.0	0.0	1.0	chr12	48747781	48748468	75994	chr12	48689146	48790535	ADCY6-DT	0	+	358	35678.0	chr12_48747781_48748468	ADCY6-DT	GRN_RUNX1
0.0	1.0	0.0	chr12	48765418	48766637	75999	chr12	48689146	48790535	ADCY6-DT	0	+	358	17509.0	chr12_48765418_48766637	ADCY6-DT	GRN_RUNX1
0.0	0.0	1.0	chr12	96120622	96121717	81608	chr12	96072206	96272206	LINC02452	0	-	12230	40120.0	chr12_96120622_96121717	LINC02452	GRN_RUNX1
0.0	0.0	1.0	chr12	96193340	96196402	81628	chr12	96072206	96272206	LINC02452	0	-	12230	16134.0	chr12_96193340_96196402	LINC02452	GRN_RUNX1
1.0	1.0	0.0	chr12	96214851	96215702	81633	chr12	96072206	96272206	LINC02452	0	-	12230	37645.0	chr12_96214851_96215702	LINC02452	GRN_RUNX1
0.0	0.0	1.0	chr12	96241973	96243073	81638	chr12	96072206	96272206	LINC02452	0	-	12230	64767.0	chr12_96241973_96243073	LINC02452	GRN_RUNX1
0.0	0.0	1.0	chr12	96247377	96248016	81639	chr12	96072206	96272206	LINC02452	0	-	12230	70171.0	chr12_96247377_96248016	LINC02452	GRN_RUNX1
0.0	0.0	1.0	chr12	104360216	104360476	82584	chr12	104356947	104762014	CHST11	0	+	3626	91471.0	chr12_104360216_104360476	CHST11	GRN_RUNX1
0.0	0.0	1.0	chr12	104381649	104382484	82587	chr12	104356947	104762014	CHST11	0	+	3626	69463.0	chr12_104381649_104382484	CHST11	GRN_RUNX1
0.0	0.0	1.0	chr12	104443102	104444439	82603	chr12	104356947	104762014	CHST11	0	+	3626	7508.0	chr12_104443102_104444439	CHST11	GRN_RUNX1
0.0	0.0	1.0	chr12	104465477	104465769	82608	chr12	104356947	104762014	CHST11	0	+	3626	0.0	chr12_104465477_104465769	CHST11	GRN_RUNX1
0.0	0.0	1.0	chr12	104466437	104467848	82609	chr12	104356947	104762014	CHST11	0	+	3626	0.0	chr12_104466437_104467848	CHST11	GRN_RUNX1
0.0	0.0	1.0	chr12	104485302	104486619	82613	chr12	104356947	104762014	CHST11	0	+	3626	0.0	chr12_104485302_104486619	CHST11	GRN_RUNX1
0.0	0.0	1.0	chr12	104493525	104495209	82614	chr12	104356947	104762014	CHST11	0	+	3626	0.0	chr12_104493525_104495209	CHST11	GRN_RUNX1
1.0	0.0	0.0	chr12	104509872	104510708	82618	chr12	104356947	104762014	CHST11	0	+	3626	0.0	chr12_104509872_104510708	CHST11	GRN_RUNX1
0.0	0.0	1.0	chr12	104523061	104523936	82622	chr12	104356947	104762014	CHST11	0	+	3626	0.0	chr12_104523061_104523936	CHST11	GRN_RUNX1
0.0	0.0	1.0	chr12	104534281	104534789	82626	chr12	104356947	104762014	CHST11	0	+	3626	0.0	chr12_104534281_104534789	CHST11	GRN_RUNX1
0.0	0.0	1.0	chr12	104576524	104579193	82637	chr12	104356947	104762014	CHST11	0	+	3626	0.0	chr12_104576524_104579193	CHST11	GRN_RUNX1
0.0	0.0	1.0	chr12	104588187	104589484	82639	chr12	104356947	104762014	CHST11	0	+	3626	0.0	chr12_104588187_104589484	CHST11	GRN_RUNX1
0.0	0.0	1.0	chr12	104598468	104599267	82642	chr12	104356947	104762014	CHST11	0	+	3626	0.0	chr12_104598468_104599267	CHST11	GRN_RUNX1
1.0	0.0	0.0	chr12	104618674	104620057	82646	chr12	104356947	104762014	CHST11	0	+	3626	0.0	chr12_104618674_104620057	CHST11	GRN_RUNX1
0.0	0.0	1.0	chr12	104620904	104621366	82647	chr12	104356947	104762014	CHST11	0	+	3626	0.0	chr12_104620904_104621366	CHST11	GRN_RUNX1
0.0	0.0	1.0	chr12	104643137	104643394	82652	chr12	104356947	104762014	CHST11	0	+	3626	0.0	chr12_104643137_104643394	CHST11	GRN_RUNX1
0.0	0.0	1.0	chr12	104653538	104654911	82654	chr12	104356947	104762014	CHST11	0	+	3626	0.0	chr12_104653538_104654911	CHST11	GRN_RUNX1
0.0	0.0	1.0	chr12	104679749	104680766	82658	chr12	104356947	104762014	CHST11	0	+	3626	0.0	chr12_104679749_104680766	CHST11	GRN_RUNX1
0.0	0.0	1.0	chr12	104695244	104695681	82661	chr12	104356947	104762014	CHST11	0	+	3626	0.0	chr12_104695244_104695681	CHST11	GRN_RUNX1
0.0	0.0	1.0	chr12	104735524	104736598	82674	chr12	104356947	104762014	CHST11	0	+	3626	0.0	chr12_104735524_104736598	CHST11	GRN_RUNX1
0.0	0.0	1.0	chr13	28056127	28056691	89102	chr13	28035020	28295335	PAN3	0	+	29368	73329.0	chr13_28056127_28056691	PAN3	GRN_CUX1
1.0	0.0	0.0	chr13	28057009	28057233	89103	chr13	28035020	28295335	PAN3	0	+	29368	72787.0	chr13_28057009_28057233	PAN3	GRN_CUX1
0.0	0.0	1.0	chr13	28161173	28161844	89116	chr13	28035020	28295335	PAN3	0	+	29368	0.0	chr13_28161173_28161844	PAN3	GRN_CUX1
0.0	0.0	1.0	chr13	114237100	114238064	95822	chr13	114181597	114305811	UPF3A	0	+	37256	38533.0	chr13_114237100_114238064	UPF3A	GRN_RUNX1
0.0	0.0	1.0	chr13	114280525	114282596	95830	chr13	114181597	114305811	UPF3A	0	+	37256	0.0	chr13_114280525_114282596	UPF3A	GRN_RUNX1
0.0	0.0	1.0	chr14	36772900	36773994	97678	chr14	36677920	37272606	SLC25A21	0	-	33288	0.0	chr14_36772900_36773994	SLC25A21	GRN_CUX1
0.0	0.0	1.0	chr14	36829011	36829993	97689	chr14	36677920	37272606	SLC25A21	0	-	33288	0.0	chr14_36829011_36829993	SLC25A21	GRN_CUX1
1.0	1.0	0.0	chr14	36868750	36869500	97694	chr14	36677920	37272606	SLC25A21	0	-	33288	0.0	chr14_36868750_36869500	SLC25A21	GRN_CUX1
0.0	0.0	1.0	chr14	36879453	36880615	97696	chr14	36677920	37272606	SLC25A21	0	-	33288	0.0	chr14_36879453_36880615	SLC25A21	GRN_CUX1
0.0	0.0	1.0	chr14	36881447	36881844	97697	chr14	36677920	37272606	SLC25A21	0	-	33288	0.0	chr14_36881447_36881844	SLC25A21	GRN_CUX1
0.0	0.0	1.0	chr14	36944050	36945046	97702	chr14	36677920	37272606	SLC25A21	0	-	33288	0.0	chr14_36944050_36945046	SLC25A21	GRN_CUX1
1.0	0.0	0.0	chr14	36950732	36951088	97703	chr14	36677920	37272606	SLC25A21	0	-	33288	0.0	chr14_36950732_36951088	SLC25A21	GRN_CUX1
0.0	0.0	1.0	chr14	37018962	37019339	97716	chr14	36677920	37272606	SLC25A21	0	-	33288	0.0	chr14_37018962_37019339	SLC25A21	GRN_CUX1
0.0	0.0	1.0	chr14	37124497	37124966	97742	chr14	36677920	37272606	SLC25A21	0	-	33288	0.0	chr14_37124497_37124966	SLC25A21	GRN_CUX1
0.0	0.0	1.0	chr14	37142350	37143380	97745	chr14	36677920	37272606	SLC25A21	0	-	33288	0.0	chr14_37142350_37143380	SLC25A21	GRN_CUX1
0.0	0.0	1.0	chr14	37149485	37149969	97747	chr14	36677920	37272606	SLC25A21	0	-	33288	0.0	chr14_37149485_37149969	SLC25A21	GRN_CUX1
0.0	0.0	1.0	chr14	37152870	37154099	97749	chr14	36677920	37272606	SLC25A21	0	-	33288	0.0	chr14_37152870_37154099	SLC25A21	GRN_CUX1
0.0	0.0	1.0	chr14	37168681	37169209	97752	chr14	36677920	37272606	SLC25A21	0	-	33288	0.0	chr14_37168681_37169209	SLC25A21	GRN_CUX1
0.0	0.0	1.0	chr14	37196500	37198517	97759	chr14	36677920	37272606	SLC25A21	0	-	33288	18894.0	chr14_37196500_37198517	SLC25A21	GRN_CUX1
0.0	0.0	1.0	chr14	37218351	37219401	97762	chr14	36677920	37272606	SLC25A21	0	-	33288	40745.0	chr14_37218351_37219401	SLC25A21	GRN_CUX1
0.0	0.0	1.0	chr14	37235791	37236423	97765	chr14	36677920	37272606	SLC25A21	0	-	33288	58185.0	chr14_37235791_37236423	SLC25A21	GRN_CUX1
0.0	0.0	1.0	chr15	49079458	49080334	108945	chr15	49055758	49329805	GALK2	0	+	7268	70424.0	chr15_49079458_49080334	GALK2	GRN_RUNX1
0.0	0.0	1.0	chr15	49102741	49103367	108952	chr15	49055758	49329805	GALK2	0	+	7268	47391.0	chr15_49102741_49103367	GALK2	GRN_RUNX1
0.0	0.0	1.0	chr15	49116438	49116735	108954	chr15	49055758	49329805	GALK2	0	+	7268	34023.0	chr15_49116438_49116735	GALK2	GRN_RUNX1
0.0	1.0	0.0	chr15	49120503	49122149	108955	chr15	49055758	49329805	GALK2	0	+	7268	28609.0	chr15_49120503_49122149	GALK2	GRN_RUNX1
0.0	0.0	1.0	chr15	49235384	49235903	108973	chr15	49055758	49329805	GALK2	0	+	7268	0.0	chr15_49235384_49235903	GALK2	GRN_RUNX1
0.0	0.0	1.0	chr15	49242132	49243416	108975	chr15	49055758	49329805	GALK2	0	+	7268	0.0	chr15_49242132_49243416	GALK2	GRN_RUNX1
0.0	0.0	1.0	chr15	49270417	49271341	108979	chr15	49055758	49329805	GALK2	0	+	7268	0.0	chr15_49270417_49271341	GALK2	GRN_RUNX1
0.0	0.0	1.0	chr15	56863917	56864406	109982	chr15	56818089	57288518	TCF12	0	+	35517	48683.0	chr15_56863917_56864406	TCF12	GRN_RUNX1
0.0	0.0	1.0	chr15	56949651	56950113	109994	chr15	56818089	57288518	TCF12	0	+	35517	0.0	chr15_56949651_56950113	TCF12	GRN_RUNX1
0.0	0.0	1.0	chr15	57030860	57032080	110013	chr15	56818089	57288518	TCF12	0	+	35517	0.0	chr15_57030860_57032080	TCF12	GRN_RUNX1
0.0	0.0	1.0	chr15	57061318	57061574	110021	chr15	56818089	57288518	TCF12	0	+	35517	0.0	chr15_57061318_57061574	TCF12	GRN_RUNX1
0.0	0.0	1.0	chr15	57079375	57079742	110025	chr15	56818089	57288518	TCF12	0	+	35517	0.0	chr15_57079375_57079742	TCF12	GRN_RUNX1
0.0	0.0	1.0	chr15	57081588	57082414	110027	chr15	56818089	57288518	TCF12	0	+	35517	0.0	chr15_57081588_57082414	TCF12	GRN_RUNX1
0.0	0.0	1.0	chr15	57158289	57158865	110044	chr15	56818089	57288518	TCF12	0	+	35517	0.0	chr15_57158289_57158865	TCF12	GRN_RUNX1
0.0	0.0	1.0	chr15	57165484	57166312	110046	chr15	56818089	57288518	TCF12	0	+	35517	0.0	chr15_57165484_57166312	TCF12	GRN_RUNX1
0.0	0.0	1.0	chr15	57283865	57284423	110064	chr15	56818089	57288518	TCF12	0	+	35517	0.0	chr15_57283865_57284423	TCF12	GRN_RUNX1
0.0	0.0	1.0	chr16	18772234	18772457	121082	chr16	18690334	18890334	RPS15A	0	-	32234	8837.0	chr16_18772234_18772457	RPS15A	GRN_RUNX1
0.0	0.0	1.0	chr16	18799892	18802147	121090	chr16	18690334	18890334	RPS15A	0	-	32234	4558.0	chr16_18799892_18802147	RPS15A	GRN_RUNX1
0.0	1.0	0.0	chr16	18827995	18828220	121093	chr16	18690334	18890334	RPS15A	0	-	32234	32661.0	chr16_18827995_18828220	RPS15A	GRN_RUNX1
0.0	0.0	1.0	chr16	18868927	18869711	121097	chr16	18690334	18890334	RPS15A	0	-	32234	73593.0	chr16_18868927_18869711	RPS15A	GRN_RUNX1
0.0	0.0	1.0	chr16	53021853	53022712	124252	chr16	52954981	53327502	CHD9	0	+	3545	27269.0	chr16_53021853_53022712	CHD9	GRN_CUX1
0.0	0.0	1.0	chr16	53021853	53022712	124252	chr16	52954981	53327502	CHD9	0	+	3545	27269.0	chr16_53021853_53022712	CHD9	GRN_RUNX1
0.0	1.0	0.0	chr16	53032851	53033321	124254	chr16	52954981	53327502	CHD9	0	+	3545	16660.0	chr16_53032851_53033321	CHD9	GRN_CUX1
0.0	1.0	0.0	chr16	53032851	53033321	124254	chr16	52954981	53327502	CHD9	0	+	3545	16660.0	chr16_53032851_53033321	CHD9	GRN_RUNX1
0.0	0.0	1.0	chr16	53033958	53035069	124255	chr16	52954981	53327502	CHD9	0	+	3545	14912.0	chr16_53033958_53035069	CHD9	GRN_CUX1
0.0	0.0	1.0	chr16	53033958	53035069	124255	chr16	52954981	53327502	CHD9	0	+	3545	14912.0	chr16_53033958_53035069	CHD9	GRN_RUNX1
1.0	0.0	1.0	chr16	53082892	53083437	124264	chr16	52954981	53327502	CHD9	0	+	3545	0.0	chr16_53082892_53083437	CHD9	GRN_CUX1
1.0	0.0	1.0	chr16	53082892	53083437	124264	chr16	52954981	53327502	CHD9	0	+	3545	0.0	chr16_53082892_53083437	CHD9	GRN_RUNX1
0.0	0.0	1.0	chr16	53129235	53132041	124272	chr16	52954981	53327502	CHD9	0	+	3545	0.0	chr16_53129235_53132041	CHD9	GRN_CUX1
0.0	0.0	1.0	chr16	53129235	53132041	124272	chr16	52954981	53327502	CHD9	0	+	3545	0.0	chr16_53129235_53132041	CHD9	GRN_RUNX1
0.0	0.0	1.0	chr16	53224322	53225321	124292	chr16	52954981	53327502	CHD9	0	+	3545	0.0	chr16_53224322_53225321	CHD9	GRN_CUX1
0.0	0.0	1.0	chr16	53224322	53225321	124292	chr16	52954981	53327502	CHD9	0	+	3545	0.0	chr16_53224322_53225321	CHD9	GRN_RUNX1
0.0	0.0	1.0	chr16	53252806	53253014	124297	chr16	52954981	53327502	CHD9	0	+	3545	0.0	chr16_53252806_53253014	CHD9	GRN_CUX1
0.0	0.0	1.0	chr16	53252806	53253014	124297	chr16	52954981	53327502	CHD9	0	+	3545	0.0	chr16_53252806_53253014	CHD9	GRN_RUNX1
0.0	0.0	1.0	chr16	67987382	67988056	125905	chr16	67985369	68229259	NFATC3	0	+	28052	92313.0	chr16_67987382_67988056	NFATC3	GRN_RUNX1
0.0	0.0	1.0	chr16	67995319	67995798	125907	chr16	67985369	68229259	NFATC3	0	+	28052	84571.0	chr16_67995319_67995798	NFATC3	GRN_RUNX1
0.0	0.0	1.0	chr16	68013501	68014309	125911	chr16	67985369	68229259	NFATC3	0	+	28052	66060.0	chr16_68013501_68014309	NFATC3	GRN_RUNX1
0.0	1.0	0.0	chr16	68219851	68221003	125950	chr16	67985369	68229259	NFATC3	0	+	28052	0.0	chr16_68219851_68221003	NFATC3	GRN_RUNX1
0.0	0.0	1.0	chr16	69476590	69477870	126194	chr16	69465951	69698901	NFAT5	0	+	28048	83081.0	chr16_69476590_69477870	NFAT5	GRN_CUX1
0.0	0.0	1.0	chr16	69476590	69477870	126194	chr16	69465951	69698901	NFAT5	0	+	28048	83081.0	chr16_69476590_69477870	NFAT5	GRN_RUNX1
0.0	0.0	1.0	chr16	69545103	69545424	126212	chr16	69465951	69698901	NFAT5	0	+	28048	15527.0	chr16_69545103_69545424	NFAT5	GRN_CUX1
0.0	0.0	1.0	chr16	69545103	69545424	126212	chr16	69465951	69698901	NFAT5	0	+	28048	15527.0	chr16_69545103_69545424	NFAT5	GRN_RUNX1
1.0	0.0	0.0	chr16	69563934	69564644	126215	chr16	69465951	69698901	NFAT5	0	+	28048	0.0	chr16_69563934_69564644	NFAT5	GRN_CUX1
1.0	0.0	0.0	chr16	69563934	69564644	126215	chr16	69465951	69698901	NFAT5	0	+	28048	0.0	chr16_69563934_69564644	NFAT5	GRN_RUNX1
1.0	1.0	0.0	chr16	69619107	69619975	126226	chr16	69465951	69698901	NFAT5	0	+	28048	0.0	chr16_69619107_69619975	NFAT5	GRN_CUX1
1.0	1.0	0.0	chr16	69619107	69619975	126226	chr16	69465951	69698901	NFAT5	0	+	28048	0.0	chr16_69619107_69619975	NFAT5	GRN_RUNX1
1.0	0.0	1.0	chr16	74666011	74668021	126951	chr16	74447439	74707114	GLG1	0	-	7559	53897.0	chr16_74666011_74668021	GLG1	GRN_RUNX1
1.0	1.0	1.0	chr17	28719151	28720349	133465	chr17	28619984	28724359	RPL23A	0	+	32160	0.0	chr17_28719151_28720349	RPL23A	GRN_CUX1
1.0	1.0	1.0	chr17	28719151	28720349	133465	chr17	28619984	28724359	RPL23A	0	+	32160	0.0	chr17_28719151_28720349	RPL23A	GRN_RUNX1
1.0	0.0	1.0	chr17	29639008	29639991	133658	chr17	29625937	30030239	SSH2	0	-	34868	0.0	chr17_29639008_29639991	SSH2	GRN_CUX1
1.0	0.0	1.0	chr17	29639008	29639991	133658	chr17	29625937	30030239	SSH2	0	-	34868	0.0	chr17_29639008_29639991	SSH2	GRN_RUNX1
0.0	0.0	1.0	chr17	29723445	29724019	133684	chr17	29625937	30030239	SSH2	0	-	34868	0.0	chr17_29723445_29724019	SSH2	GRN_CUX1
0.0	0.0	1.0	chr17	29723445	29724019	133684	chr17	29625937	30030239	SSH2	0	-	34868	0.0	chr17_29723445_29724019	SSH2	GRN_RUNX1
0.0	0.0	1.0	chr17	29739907	29740343	133688	chr17	29625937	30030239	SSH2	0	-	34868	0.0	chr17_29739907_29740343	SSH2	GRN_CUX1
0.0	0.0	1.0	chr17	29739907	29740343	133688	chr17	29625937	30030239	SSH2	0	-	34868	0.0	chr17_29739907_29740343	SSH2	GRN_RUNX1
0.0	0.0	1.0	chr17	29760243	29760546	133693	chr17	29625937	30030239	SSH2	0	-	34868	0.0	chr17_29760243_29760546	SSH2	GRN_CUX1
0.0	0.0	1.0	chr17	29760243	29760546	133693	chr17	29625937	30030239	SSH2	0	-	34868	0.0	chr17_29760243_29760546	SSH2	GRN_RUNX1
1.0	0.0	1.0	chr17	29807422	29808783	133703	chr17	29625937	30030239	SSH2	0	-	34868	0.0	chr17_29807422_29808783	SSH2	GRN_CUX1
1.0	0.0	1.0	chr17	29807422	29808783	133703	chr17	29625937	30030239	SSH2	0	-	34868	0.0	chr17_29807422_29808783	SSH2	GRN_RUNX1
0.0	0.0	1.0	chr17	29836591	29837055	133706	chr17	29625937	30030239	SSH2	0	-	34868	0.0	chr17_29836591_29837055	SSH2	GRN_CUX1
0.0	0.0	1.0	chr17	29836591	29837055	133706	chr17	29625937	30030239	SSH2	0	-	34868	0.0	chr17_29836591_29837055	SSH2	GRN_RUNX1
0.0	0.0	1.0	chr17	29863248	29863566	133717	chr17	29625937	30030239	SSH2	0	-	34868	0.0	chr17_29863248_29863566	SSH2	GRN_CUX1
0.0	0.0	1.0	chr17	29863248	29863566	133717	chr17	29625937	30030239	SSH2	0	-	34868	0.0	chr17_29863248_29863566	SSH2	GRN_RUNX1
0.0	0.0	1.0	chr17	29929031	29931617	133730	chr17	29625937	30030239	SSH2	0	-	34868	0.0	chr17_29929031_29931617	SSH2	GRN_CUX1
0.0	0.0	1.0	chr17	29929031	29931617	133730	chr17	29625937	30030239	SSH2	0	-	34868	0.0	chr17_29929031_29931617	SSH2	GRN_RUNX1
0.0	0.0	1.0	chr17	29948545	29948752	133732	chr17	29625937	30030239	SSH2	0	-	34868	13306.0	chr17_29948545_29948752	SSH2	GRN_CUX1
0.0	0.0	1.0	chr17	29948545	29948752	133732	chr17	29625937	30030239	SSH2	0	-	34868	13306.0	chr17_29948545_29948752	SSH2	GRN_RUNX1
0.0	0.0	1.0	chr17	29972462	29973126	133735	chr17	29625937	30030239	SSH2	0	-	34868	37223.0	chr17_29972462_29973126	SSH2	GRN_CUX1
0.0	0.0	1.0	chr17	29972462	29973126	133735	chr17	29625937	30030239	SSH2	0	-	34868	37223.0	chr17_29972462_29973126	SSH2	GRN_RUNX1
0.0	0.0	1.0	chr17	31031635	31032831	133950	chr17	30994926	31377677	NF1	0	+	28043	57095.0	chr17_31031635_31032831	NF1	GRN_CUX1
0.0	0.0	1.0	chr17	31031635	31032831	133950	chr17	30994926	31377677	NF1	0	+	28043	57095.0	chr17_31031635_31032831	NF1	GRN_RUNX1
0.0	0.0	1.0	chr17	31051902	31053039	133955	chr17	30994926	31377677	NF1	0	+	28043	36887.0	chr17_31051902_31053039	NF1	GRN_CUX1
0.0	0.0	1.0	chr17	31051902	31053039	133955	chr17	30994926	31377677	NF1	0	+	28043	36887.0	chr17_31051902_31053039	NF1	GRN_RUNX1
0.0	0.0	1.0	chr17	31112057	31112598	133964	chr17	30994926	31377677	NF1	0	+	28043	0.0	chr17_31112057_31112598	NF1	GRN_CUX1
0.0	0.0	1.0	chr17	31112057	31112598	133964	chr17	30994926	31377677	NF1	0	+	28043	0.0	chr17_31112057_31112598	NF1	GRN_RUNX1
0.0	0.0	1.0	chr17	31129552	31131260	133968	chr17	30994926	31377677	NF1	0	+	28043	0.0	chr17_31129552_31131260	NF1	GRN_CUX1
0.0	0.0	1.0	chr17	31129552	31131260	133968	chr17	30994926	31377677	NF1	0	+	28043	0.0	chr17_31129552_31131260	NF1	GRN_RUNX1
0.0	0.0	1.0	chr17	31145063	31145481	133971	chr17	30994926	31377677	NF1	0	+	28043	0.0	chr17_31145063_31145481	NF1	GRN_CUX1
0.0	0.0	1.0	chr17	31145063	31145481	133971	chr17	30994926	31377677	NF1	0	+	28043	0.0	chr17_31145063_31145481	NF1	GRN_RUNX1
0.0	0.0	1.0	chr17	31248621	31249226	133983	chr17	30994926	31377677	NF1	0	+	28043	0.0	chr17_31248621_31249226	NF1	GRN_CUX1
0.0	0.0	1.0	chr17	31248621	31249226	133983	chr17	30994926	31377677	NF1	0	+	28043	0.0	chr17_31248621_31249226	NF1	GRN_RUNX1
0.0	0.0	1.0	chr17	31269507	31270015	133987	chr17	30994926	31377677	NF1	0	+	28043	0.0	chr17_31269507_31270015	NF1	GRN_CUX1
0.0	0.0	1.0	chr17	31269507	31270015	133987	chr17	30994926	31377677	NF1	0	+	28043	0.0	chr17_31269507_31270015	NF1	GRN_RUNX1
0.0	0.0	1.0	chr17	31274477	31275652	133988	chr17	30994926	31377677	NF1	0	+	28043	0.0	chr17_31274477_31275652	NF1	GRN_CUX1
0.0	0.0	1.0	chr17	31274477	31275652	133988	chr17	30994926	31377677	NF1	0	+	28043	0.0	chr17_31274477_31275652	NF1	GRN_RUNX1
0.0	0.0	1.0	chr17	31294968	31295694	133991	chr17	30994926	31377677	NF1	0	+	28043	0.0	chr17_31294968_31295694	NF1	GRN_CUX1
0.0	0.0	1.0	chr17	31294968	31295694	133991	chr17	30994926	31377677	NF1	0	+	28043	0.0	chr17_31294968_31295694	NF1	GRN_RUNX1
0.0	1.0	1.0	chr17	31313377	31314527	133993	chr17	30994926	31377677	NF1	0	+	28043	0.0	chr17_31313377_31314527	NF1	GRN_CUX1
0.0	1.0	1.0	chr17	31313377	31314527	133993	chr17	30994926	31377677	NF1	0	+	28043	0.0	chr17_31313377_31314527	NF1	GRN_RUNX1
0.0	0.0	1.0	chr17	31318192	31318960	133994	chr17	30994926	31377677	NF1	0	+	28043	0.0	chr17_31318192_31318960	NF1	GRN_CUX1
0.0	0.0	1.0	chr17	31318192	31318960	133994	chr17	30994926	31377677	NF1	0	+	28043	0.0	chr17_31318192_31318960	NF1	GRN_RUNX1
0.0	0.0	1.0	chr17	31321478	31322203	133995	chr17	30994926	31377677	NF1	0	+	28043	0.0	chr17_31321478_31322203	NF1	GRN_CUX1
0.0	0.0	1.0	chr17	31321478	31322203	133995	chr17	30994926	31377677	NF1	0	+	28043	0.0	chr17_31321478_31322203	NF1	GRN_RUNX1
0.0	0.0	1.0	chr17	31327532	31328450	133997	chr17	30994926	31377677	NF1	0	+	28043	0.0	chr17_31327532_31328450	NF1	GRN_CUX1
0.0	0.0	1.0	chr17	31327532	31328450	133997	chr17	30994926	31377677	NF1	0	+	28043	0.0	chr17_31327532_31328450	NF1	GRN_RUNX1
1.0	0.0	0.0	chr17	31372661	31373488	134002	chr17	30994926	31377677	NF1	0	+	28043	0.0	chr17_31372661_31373488	NF1	GRN_CUX1
1.0	0.0	0.0	chr17	31372661	31373488	134002	chr17	30994926	31377677	NF1	0	+	28043	0.0	chr17_31372661_31373488	NF1	GRN_RUNX1
0.0	0.0	1.0	chr17	44637116	44637348	136572	chr17	44550349	44750349	LINC01180	0	-	11080	9015.0	chr17_44637116_44637348	LINC01180	GRN_RUNX1
1.0	0.0	0.0	chr17	44645349	44646221	136575	chr17	44550349	44750349	LINC01180	0	-	11080	142.0	chr17_44645349_44646221	LINC01180	GRN_RUNX1
0.0	0.0	1.0	chr17	44651322	44651590	136576	chr17	44550349	44750349	LINC01180	0	-	11080	0.0	chr17_44651322_44651590	LINC01180	GRN_RUNX1
0.0	0.0	1.0	chr17	44745383	44748019	136589	chr17	44550349	44750349	LINC01180	0	-	11080	90034.0	chr17_44745383_44748019	LINC01180	GRN_RUNX1
0.0	0.0	1.0	chr17	51004239	51004490	137882	chr17	50962173	51220868	SPAG9	0	-	34573	0.0	chr17_51004239_51004490	SPAG9	GRN_RUNX1
1.0	0.0	0.0	chr17	51049004	51049364	137891	chr17	50962173	51220868	SPAG9	0	-	34573	0.0	chr17_51049004_51049364	SPAG9	GRN_RUNX1
1.0	1.0	0.0	chr17	51078899	51079453	137898	chr17	50962173	51220868	SPAG9	0	-	34573	0.0	chr17_51078899_51079453	SPAG9	GRN_RUNX1
0.0	0.0	1.0	chr17	51132422	51133681	137908	chr17	50962173	51220868	SPAG9	0	-	34573	6554.0	chr17_51132422_51133681	SPAG9	GRN_RUNX1
1.0	0.0	0.0	chr17	51146825	51147977	137911	chr17	50962173	51220868	SPAG9	0	-	34573	20957.0	chr17_51146825_51147977	SPAG9	GRN_RUNX1
0.0	0.0	1.0	chr17	66246261	66246628	140037	chr17	66202612	66810743	PRKCA	0	+	30741	50984.0	chr17_66246261_66246628	PRKCA	GRN_CUX1
0.0	0.0	1.0	chr17	66275511	66276947	140045	chr17	66202612	66810743	PRKCA	0	+	30741	20665.0	chr17_66275511_66276947	PRKCA	GRN_CUX1
0.0	0.0	1.0	chr17	66329261	66329644	140058	chr17	66202612	66810743	PRKCA	0	+	30741	0.0	chr17_66329261_66329644	PRKCA	GRN_CUX1
0.0	0.0	1.0	chr17	66330773	66331859	140059	chr17	66202612	66810743	PRKCA	0	+	30741	0.0	chr17_66330773_66331859	PRKCA	GRN_CUX1
0.0	0.0	1.0	chr17	66357065	66357291	140068	chr17	66202612	66810743	PRKCA	0	+	30741	0.0	chr17_66357065_66357291	PRKCA	GRN_CUX1
0.0	0.0	1.0	chr17	66373808	66374870	140073	chr17	66202612	66810743	PRKCA	0	+	30741	0.0	chr17_66373808_66374870	PRKCA	GRN_CUX1
1.0	0.0	0.0	chr17	66413387	66414450	140083	chr17	66202612	66810743	PRKCA	0	+	30741	0.0	chr17_66413387_66414450	PRKCA	GRN_CUX1
0.0	0.0	1.0	chr17	66425855	66426694	140085	chr17	66202612	66810743	PRKCA	0	+	30741	0.0	chr17_66425855_66426694	PRKCA	GRN_CUX1
0.0	0.0	1.0	chr17	66486256	66486677	140104	chr17	66202612	66810743	PRKCA	0	+	30741	0.0	chr17_66486256_66486677	PRKCA	GRN_CUX1
0.0	0.0	1.0	chr17	66493305	66495011	140107	chr17	66202612	66810743	PRKCA	0	+	30741	0.0	chr17_66493305_66495011	PRKCA	GRN_CUX1
0.0	0.0	1.0	chr17	66541544	66542668	140118	chr17	66202612	66810743	PRKCA	0	+	30741	0.0	chr17_66541544_66542668	PRKCA	GRN_CUX1
0.0	0.0	1.0	chr17	66547065	66547619	140119	chr17	66202612	66810743	PRKCA	0	+	30741	0.0	chr17_66547065_66547619	PRKCA	GRN_CUX1
0.0	0.0	1.0	chr17	66636040	66636553	140148	chr17	66202612	66810743	PRKCA	0	+	30741	0.0	chr17_66636040_66636553	PRKCA	GRN_CUX1
0.0	0.0	1.0	chr17	66646128	66646408	140150	chr17	66202612	66810743	PRKCA	0	+	30741	0.0	chr17_66646128_66646408	PRKCA	GRN_CUX1
0.0	0.0	1.0	chr17	66667111	66667767	140156	chr17	66202612	66810743	PRKCA	0	+	30741	0.0	chr17_66667111_66667767	PRKCA	GRN_CUX1
0.0	0.0	1.0	chr17	66683886	66684552	140160	chr17	66202612	66810743	PRKCA	0	+	30741	0.0	chr17_66683886_66684552	PRKCA	GRN_CUX1
0.0	0.0	1.0	chr17	66713565	66713918	140164	chr17	66202612	66810743	PRKCA	0	+	30741	0.0	chr17_66713565_66713918	PRKCA	GRN_CUX1
1.0	0.0	0.0	chr17	66727728	66728276	140167	chr17	66202612	66810743	PRKCA	0	+	30741	0.0	chr17_66727728_66728276	PRKCA	GRN_CUX1
0.0	0.0	1.0	chr18	2961555	2962165	143762	chr18	2913315	3113315	LPIN2	0	-	24116	0.0	chr18_2961555_2962165	LPIN2	GRN_RUNX1
0.0	0.0	1.0	chr18	2981224	2981457	143769	chr18	2913315	3113315	LPIN2	0	-	24116	0.0	chr18_2981224_2981457	LPIN2	GRN_RUNX1
1.0	1.0	0.0	chr18	2993827	2995808	143774	chr18	2913315	3113315	LPIN2	0	-	24116	0.0	chr18_2993827_2995808	LPIN2	GRN_RUNX1
0.0	0.0	1.0	chr18	3012344	3014355	143779	chr18	2913315	3113315	LPIN2	0	-	24116	0.0	chr18_3012344_3014355	LPIN2	GRN_RUNX1
1.0	0.0	1.0	chr18	3037094	3039214	143783	chr18	2913315	3113315	LPIN2	0	-	24116	18779.0	chr18_3037094_3039214	LPIN2	GRN_RUNX1
0.0	0.0	1.0	chr18	26017823	26018288	146666	chr18	25991217	26191217	SS18	0	-	34856	0.0	chr18_26017823_26018288	SS18	GRN_RUNX1
0.0	0.0	1.0	chr18	26089267	26091508	146680	chr18	25991217	26191217	SS18	0	-	34856	0.0	chr18_26089267_26091508	SS18	GRN_RUNX1
0.0	0.0	1.0	chr18	26119286	26121116	146686	chr18	25991217	26191217	SS18	0	-	34856	23069.0	chr18_26119286_26121116	SS18	GRN_RUNX1
0.0	0.0	1.0	chr18	26145231	26145491	146692	chr18	25991217	26191217	SS18	0	-	34856	49014.0	chr18_26145231_26145491	SS18	GRN_RUNX1
0.0	0.0	1.0	chr18	26183527	26184021	146702	chr18	25991217	26191217	SS18	0	-	34856	87310.0	chr18_26183527_26184021	SS18	GRN_RUNX1
0.0	0.0	1.0	chr19	1339252	1339487	151549	chr19	1338363	1440497	RPS15	0	+	32233	93876.0	chr19_1339252_1339487	RPS15	GRN_RUNX1
0.0	0.0	1.0	chr19	1396158	1397038	151560	chr19	1338363	1440497	RPS15	0	+	32233	36325.0	chr19_1396158_1397038	RPS15	GRN_RUNX1
0.0	0.0	1.0	chr19	1439725	1439959	151570	chr19	1338363	1440497	RPS15	0	+	32233	0.0	chr19_1439725_1439959	RPS15	GRN_RUNX1
0.0	0.0	1.0	chr19	17447915	17448953	154734	chr19	17360926	17560926	NXNL1	0	-	28608	6471.0	chr19_17447915_17448953	NXNL1	GRN_RUNX1
0.0	0.0	1.0	chr19	17523049	17523586	154751	chr19	17360926	17560926	NXNL1	0	-	28608	57123.0	chr19_17523049_17523586	NXNL1	GRN_RUNX1
0.0	0.0	1.0	chr19	19285622	19286072	155126	chr19	19285802	19508932	GATAD2A	0	+	7344	94730.0	chr19_19285622_19286072	GATAD2A	GRN_RUNX1
0.0	0.0	1.0	chr19	19366502	19367194	155144	chr19	19285802	19508932	GATAD2A	0	+	7344	13608.0	chr19_19366502_19367194	GATAD2A	GRN_RUNX1
0.0	0.0	1.0	chr19	19372688	19373563	155145	chr19	19285802	19508932	GATAD2A	0	+	7344	7239.0	chr19_19372688_19373563	GATAD2A	GRN_RUNX1
0.0	0.0	1.0	chr19	19459604	19461028	155169	chr19	19285802	19508932	GATAD2A	0	+	7344	0.0	chr19_19459604_19461028	GATAD2A	GRN_RUNX1
0.0	0.0	1.0	chr19	19473886	19474758	155173	chr19	19285802	19508932	GATAD2A	0	+	7344	0.0	chr19_19473886_19474758	GATAD2A	GRN_RUNX1
1.0	0.0	0.0	chr19	19487689	19490618	155175	chr19	19285802	19508932	GATAD2A	0	+	7344	0.0	chr19_19487689_19490618	GATAD2A	GRN_RUNX1
0.0	0.0	1.0	chr20	35085274	35085816	194852	chr20	34992835	35192835	TRPC4AP	0	-	36697	0.0	chr20_35085274_35085816	TRPC4AP	GRN_RUNX1
0.0	0.0	1.0	chr20	35145126	35145386	194861	chr20	34992835	35192835	TRPC4AP	0	-	36697	47291.0	chr20_35145126_35145386	TRPC4AP	GRN_RUNX1
0.0	0.0	1.0	chr20	35146292	35148523	194862	chr20	34992835	35192835	TRPC4AP	0	-	36697	48457.0	chr20_35146292_35148523	TRPC4AP	GRN_RUNX1
1.0	1.0	0.0	chr20	35165153	35167055	194865	chr20	34992835	35192835	TRPC4AP	0	-	36697	67318.0	chr20_35165153_35167055	TRPC4AP	GRN_RUNX1
1.0	1.0	0.0	chr20	35191570	35194005	194871	chr20	34992835	35192835	TRPC4AP	0	-	36697	93735.0	chr20_35191570_35194005	TRPC4AP	GRN_RUNX1
0.0	0.0	1.0	chr20	35652585	35653322	194969	chr20	35642336	35842336	RBM39	0	-	31531	81473.0	chr20_35652585_35653322	RBM39	GRN_RUNX1
0.0	0.0	1.0	chr20	35658350	35658581	194970	chr20	35642336	35842336	RBM39	0	-	31531	76214.0	chr20_35658350_35658581	RBM39	GRN_RUNX1
0.0	0.0	1.0	chr20	35725422	35725879	194983	chr20	35642336	35842336	RBM39	0	-	31531	8916.0	chr20_35725422_35725879	RBM39	GRN_RUNX1
0.0	0.0	1.0	chr20	35756564	35757441	194989	chr20	35642336	35842336	RBM39	0	-	31531	9228.0	chr20_35756564_35757441	RBM39	GRN_RUNX1
0.0	0.0	1.0	chr20	35767851	35768368	194991	chr20	35642336	35842336	RBM39	0	-	31531	20515.0	chr20_35767851_35768368	RBM39	GRN_RUNX1
0.0	0.0	1.0	chr20	35773265	35773811	194994	chr20	35642336	35842336	RBM39	0	-	31531	25929.0	chr20_35773265_35773811	RBM39	GRN_RUNX1
0.0	0.0	1.0	chr20	35821534	35822345	195004	chr20	35642336	35842336	RBM39	0	-	31531	74198.0	chr20_35821534_35822345	RBM39	GRN_RUNX1
0.0	0.0	1.0	chr20	35833199	35833536	195009	chr20	35642336	35842336	RBM39	0	-	31531	85863.0	chr20_35833199_35833536	RBM39	GRN_RUNX1
0.0	0.0	1.0	chr20	40962433	40963300	195876	chr20	40928821	41124487	TOP1	0	+	36401	60521.0	chr20_40962433_40963300	TOP1	GRN_RUNX1
0.0	0.0	1.0	chr20	40966174	40966581	195877	chr20	40928821	41124487	TOP1	0	+	36401	57240.0	chr20_40966174_40966581	TOP1	GRN_RUNX1
0.0	0.0	1.0	chr20	41085753	41087341	195909	chr20	40928821	41124487	TOP1	0	+	36401	0.0	chr20_41085753_41087341	TOP1	GRN_RUNX1
0.0	0.0	1.0	chr20	41094175	41095674	195910	chr20	40928821	41124487	TOP1	0	+	36401	0.0	chr20_41094175_41095674	TOP1	GRN_RUNX1
0.0	0.0	1.0	chr21	34807107	34808935	202083	chr21	34787800	35149334	RUNX1	0	-	32395	0.0	chr21_34807107_34808935	RUNX1	GRN_RUNX1
0.0	0.0	1.0	chr21	34819813	34820408	202086	chr21	34787800	35149334	RUNX1	0	-	32395	0.0	chr21_34819813_34820408	RUNX1	GRN_RUNX1
0.0	0.0	1.0	chr21	34825553	34826202	202088	chr21	34787800	35149334	RUNX1	0	-	32395	0.0	chr21_34825553_34826202	RUNX1	GRN_RUNX1
0.0	0.0	1.0	chr21	34827604	34827858	202089	chr21	34787800	35149334	RUNX1	0	-	32395	0.0	chr21_34827604_34827858	RUNX1	GRN_RUNX1
0.0	0.0	1.0	chr21	34908013	34910258	202102	chr21	34787800	35149334	RUNX1	0	-	32395	0.0	chr21_34908013_34910258	RUNX1	GRN_RUNX1
0.0	0.0	1.0	chr21	34933701	34934211	202108	chr21	34787800	35149334	RUNX1	0	-	32395	0.0	chr21_34933701_34934211	RUNX1	GRN_RUNX1
0.0	0.0	1.0	chr21	34935182	34935861	202110	chr21	34787800	35149334	RUNX1	0	-	32395	0.0	chr21_34935182_34935861	RUNX1	GRN_RUNX1
0.0	0.0	1.0	chr21	34986612	34987324	202123	chr21	34787800	35149334	RUNX1	0	-	32395	0.0	chr21_34986612_34987324	RUNX1	GRN_RUNX1
0.0	0.0	1.0	chr21	35003025	35004361	202128	chr21	34787800	35149334	RUNX1	0	-	32395	0.0	chr21_35003025_35004361	RUNX1	GRN_RUNX1
0.0	0.0	1.0	chr21	35011216	35012035	202129	chr21	34787800	35149334	RUNX1	0	-	32395	0.0	chr21_35011216_35012035	RUNX1	GRN_RUNX1
0.0	0.0	1.0	chr21	35019553	35019870	202133	chr21	34787800	35149334	RUNX1	0	-	32395	0.0	chr21_35019553_35019870	RUNX1	GRN_RUNX1
0.0	0.0	1.0	chr21	35020517	35021224	202134	chr21	34787800	35149334	RUNX1	0	-	32395	0.0	chr21_35020517_35021224	RUNX1	GRN_RUNX1
0.0	0.0	1.0	chr21	35025660	35029178	202135	chr21	34787800	35149334	RUNX1	0	-	32395	0.0	chr21_35025660_35029178	RUNX1	GRN_RUNX1
0.0	0.0	1.0	chr21	35036424	35037413	202137	chr21	34787800	35149334	RUNX1	0	-	32395	0.0	chr21_35036424_35037413	RUNX1	GRN_RUNX1
0.0	0.0	1.0	chr21	35046874	35049517	202140	chr21	34787800	35149334	RUNX1	0	-	32395	0.0	chr21_35046874_35049517	RUNX1	GRN_RUNX1
0.0	0.0	1.0	chr21	35100062	35100950	202157	chr21	34787800	35149334	RUNX1	0	-	32395	45728.0	chr21_35100062_35100950	RUNX1	GRN_RUNX1
0.0	0.0	1.0	chr21	35102516	35103405	202158	chr21	34787800	35149334	RUNX1	0	-	32395	48182.0	chr21_35102516_35103405	RUNX1	GRN_RUNX1
0.0	0.0	1.0	chr21	35111509	35111802	202161	chr21	34787800	35149334	RUNX1	0	-	32395	57175.0	chr21_35111509_35111802	RUNX1	GRN_RUNX1
0.0	0.0	1.0	chr21	35131074	35131307	202167	chr21	34787800	35149334	RUNX1	0	-	32395	76740.0	chr21_35131074_35131307	RUNX1	GRN_RUNX1
0.0	0.0	1.0	chrX	11188336	11189035	347457	chrX	11137543	11765920	ARHGAP6	0	-	1121	0.0	chrX_11188336_11189035	ARHGAP6	GRN_CUX1
0.0	0.0	1.0	chrX	11263018	11263695	347475	chrX	11137543	11765920	ARHGAP6	0	-	1121	0.0	chrX_11263018_11263695	ARHGAP6	GRN_CUX1
0.0	0.0	1.0	chrX	11273547	11274081	347478	chrX	11137543	11765920	ARHGAP6	0	-	1121	0.0	chrX_11273547_11274081	ARHGAP6	GRN_CUX1
0.0	0.0	1.0	chrX	11295122	11295925	347482	chrX	11137543	11765920	ARHGAP6	0	-	1121	0.0	chrX_11295122_11295925	ARHGAP6	GRN_CUX1
1.0	1.0	0.0	chrX	11321834	11322434	347494	chrX	11137543	11765920	ARHGAP6	0	-	1121	0.0	chrX_11321834_11322434	ARHGAP6	GRN_CUX1
1.0	0.0	0.0	chrX	11329006	11329739	347495	chrX	11137543	11765920	ARHGAP6	0	-	1121	0.0	chrX_11329006_11329739	ARHGAP6	GRN_CUX1
0.0	0.0	1.0	chrX	11333702	11334632	347496	chrX	11137543	11765920	ARHGAP6	0	-	1121	0.0	chrX_11333702_11334632	ARHGAP6	GRN_CUX1
0.0	0.0	1.0	chrX	11350982	11351945	347499	chrX	11137543	11765920	ARHGAP6	0	-	1121	0.0	chrX_11350982_11351945	ARHGAP6	GRN_CUX1
0.0	0.0	1.0	chrX	11369290	11369554	347506	chrX	11137543	11765920	ARHGAP6	0	-	1121	0.0	chrX_11369290_11369554	ARHGAP6	GRN_CUX1
0.0	0.0	1.0	chrX	11373993	11375031	347507	chrX	11137543	11765920	ARHGAP6	0	-	1121	0.0	chrX_11373993_11375031	ARHGAP6	GRN_CUX1
0.0	0.0	1.0	chrX	11405924	11406764	347517	chrX	11137543	11765920	ARHGAP6	0	-	1121	0.0	chrX_11405924_11406764	ARHGAP6	GRN_CUX1
0.0	0.0	1.0	chrX	11460998	11462478	347534	chrX	11137543	11765920	ARHGAP6	0	-	1121	0.0	chrX_11460998_11462478	ARHGAP6	GRN_CUX1
0.0	0.0	1.0	chrX	11464619	11465354	347535	chrX	11137543	11765920	ARHGAP6	0	-	1121	0.0	chrX_11464619_11465354	ARHGAP6	GRN_CUX1
1.0	0.0	0.0	chrX	11473493	11474871	347538	chrX	11137543	11765920	ARHGAP6	0	-	1121	0.0	chrX_11473493_11474871	ARHGAP6	GRN_CUX1
0.0	0.0	1.0	chrX	11480357	11480985	347540	chrX	11137543	11765920	ARHGAP6	0	-	1121	0.0	chrX_11480357_11480985	ARHGAP6	GRN_CUX1
0.0	1.0	0.0	chrX	11499100	11500582	347546	chrX	11137543	11765920	ARHGAP6	0	-	1121	0.0	chrX_11499100_11500582	ARHGAP6	GRN_CUX1
1.0	1.0	0.0	chrX	11504297	11504825	347548	chrX	11137543	11765920	ARHGAP6	0	-	1121	0.0	chrX_11504297_11504825	ARHGAP6	GRN_CUX1
0.0	0.0	1.0	chrX	11540806	11541350	347560	chrX	11137543	11765920	ARHGAP6	0	-	1121	0.0	chrX_11540806_11541350	ARHGAP6	GRN_CUX1
0.0	0.0	1.0	chrX	11648692	11649253	347580	chrX	11137543	11765920	ARHGAP6	0	-	1121	0.0	chrX_11648692_11649253	ARHGAP6	GRN_CUX1
1.0	1.0	1.0	chrX	11688323	11688972	347582	chrX	11137543	11765920	ARHGAP6	0	-	1121	17403.0	chrX_11688323_11688972	ARHGAP6	GRN_CUX1
